flightid,date,origin,dest,depdelay,arrdelay,weatherdelay,carrier,runway,trafficlevel,weathercondition,weekday,month,is_delayed
FL1000,2025-04-13,1,4,35,210,55,0,2,0,3,6,4,1
FL1001,2025-02-21,4,3,62,146,89,2,1,2,2,4,2,1
FL1002,2025-04-03,0,2,117,115,93,0,1,0,2,3,4,1
FL1003,2025-01-15,1,1,62,92,12,0,0,0,1,2,1,1
FL1004,2025-04-17,3,2,86,161,76,0,3,1,4,3,4,1
FL1005,2025-03-13,4,5,2,97,65,3,1,0,5,3,3,1
FL1006,2025-03-02,5,2,-4,111,36,3,3,2,2,6,3,1
FL1007,2025-01-21,1,5,99,101,48,2,1,0,0,1,1,1
FL1008,2025-04-13,3,3,119,89,101,3,1,0,0,6,4,1
FL1009,2025-03-24,2,1,104,88,65,2,0,1,5,0,3,1
FL1010,2025-03-28,0,3,80,204,35,3,2,2,3,4,3,1
FL1011,2025-03-16,4,0,35,15,53,1,2,0,4,6,3,0
FL1012,2025-03-16,1,3,114,16,25,1,1,1,1,6,3,1
FL1013,2025-03-29,1,5,49,171,74,2,0,0,0,5,3,1
FL1014,2025-04-27,5,3,10,114,71,3,3,2,0,6,4,1
FL1015,2025-04-10,5,3,87,91,107,3,3,0,5,3,4,1
FL1016,2025-04-14,2,1,56,210,39,0,1,0,3,0,4,1
FL1017,2025-01-24,0,3,107,179,42,4,2,1,3,4,1,1
FL1018,2025-01-03,2,1,42,89,21,2,0,0,5,4,1,1
FL1019,2025-01-22,3,4,24,80,19,4,2,1,0,2,1,1
FL1020,2025-02-22,3,0,6,66,7,4,3,2,4,5,2,1
FL1021,2025-01-02,2,1,29,191,28,2,2,0,0,3,1,1
FL1022,2025-03-29,0,5,5,112,39,3,3,2,3,5,3,1
FL1023,2025-04-18,2,4,58,-1,89,2,0,2,1,4,4,0
FL1024,2025-01-30,0,1,104,56,29,4,0,0,0,3,1,1
FL1025,2025-02-07,0,1,44,152,80,3,1,1,4,4,2,1
FL1026,2025-01-02,4,0,79,107,83,1,1,2,2,3,1,1
FL1027,2025-03-05,0,5,15,146,115,2,2,2,0,2,3,1
FL1028,2025-03-01,5,2,63,114,54,2,0,0,5,5,3,1
FL1029,2025-01-21,0,2,42,85,15,3,0,0,2,1,1,1
FL1030,2025-02-02,0,1,14,8,45,1,1,0,5,6,2,0
FL1031,2025-03-17,0,3,95,57,61,1,3,0,5,0,3,1
FL1032,2025-02-27,3,5,61,201,106,3,2,0,5,3,2,1
FL1033,2025-01-22,5,4,38,39,6,0,2,0,0,2,1,1
FL1034,2025-04-18,5,3,27,103,79,2,1,1,3,4,4,1
FL1035,2025-03-30,2,3,111,131,44,2,0,2,2,6,3,1
FL1036,2025-02-18,4,5,119,120,58,4,1,1,4,1,2,1
FL1037,2025-04-01,0,1,67,191,110,3,1,1,3,1,4,1
FL1038,2025-02-28,1,1,55,143,55,4,1,0,0,4,2,1
FL1039,2025-02-11,4,1,3,20,47,4,1,2,5,1,2,1
FL1040,2025-04-02,4,1,62,96,26,1,3,1,4,2,4,1
FL1041,2025-03-01,5,2,29,235,52,2,3,0,2,5,3,1
FL1042,2025-03-21,4,1,75,167,86,4,0,0,3,4,3,1
FL1043,2025-01-15,0,2,92,219,87,1,1,2,1,2,1,1
FL1044,2025-03-03,0,2,82,66,72,3,3,1,3,0,3,1
FL1045,2025-03-03,3,1,90,195,34,4,0,1,4,0,3,1
FL1046,2025-02-16,0,0,59,137,50,2,1,1,0,6,2,1
FL1047,2025-03-03,0,4,2,54,83,4,2,0,2,0,3,1
FL1048,2025-02-20,5,3,39,177,36,3,3,2,4,3,2,1
FL1049,2025-04-18,0,2,81,147,105,4,0,2,5,4,4,1
FL1050,2025-02-24,3,5,41,97,80,2,2,1,2,0,2,1
FL1051,2025-04-26,1,5,34,74,110,1,1,0,3,5,4,1
FL1052,2025-03-05,5,4,70,24,94,2,1,1,4,2,3,1
FL1053,2025-01-03,1,5,48,113,118,1,1,2,3,4,1,1
FL1054,2025-04-11,5,0,70,145,56,0,3,0,3,4,4,1
FL1055,2025-02-20,2,5,40,107,7,2,0,1,3,3,2,1
FL1056,2025-01-07,4,3,41,186,78,2,2,1,0,1,1,1
FL1057,2025-01-21,2,3,9,197,94,3,0,0,3,1,1,1
FL1058,2025-03-14,0,2,99,45,116,4,3,2,5,4,3,1
FL1059,2025-02-08,1,1,13,69,93,1,0,0,5,5,2,1
FL1060,2025-01-18,0,0,20,152,109,1,3,1,2,5,1,1
FL1061,2025-01-04,4,2,46,38,19,3,1,1,1,5,1,1
FL1062,2025-03-30,5,0,87,131,102,3,2,1,3,6,3,1
FL1063,2025-03-01,4,1,16,147,52,4,1,1,3,5,3,1
FL1064,2025-01-14,3,5,98,204,118,4,0,2,4,1,1,1
FL1065,2025-04-24,4,5,15,130,11,2,1,2,0,3,4,1
FL1066,2025-01-09,3,1,45,21,48,0,2,1,1,3,1,1
FL1067,2025-03-31,4,2,32,104,16,4,1,2,2,0,3,1
FL1068,2025-02-22,3,1,14,82,63,3,2,2,1,5,2,1
FL1069,2025-01-02,1,4,115,141,41,4,2,2,3,3,1,1
FL1070,2025-03-25,0,3,23,240,93,1,1,1,4,1,3,1
FL1071,2025-04-02,0,2,45,114,28,0,3,0,0,2,4,1
FL1072,2025-04-21,2,0,-2,107,18,2,0,0,2,0,4,1
FL1073,2025-03-01,0,4,49,219,109,1,3,0,1,5,3,1
FL1074,2025-03-12,5,2,65,134,10,1,3,1,2,2,3,1
FL1075,2025-02-13,4,1,86,39,97,0,1,2,3,3,2,1
FL1076,2025-01-08,2,1,22,110,49,2,0,2,2,2,1,1
FL1077,2025-02-16,5,1,-2,145,70,3,0,1,4,6,2,1
FL1078,2025-02-04,5,1,16,110,107,2,3,1,2,1,2,1
FL1079,2025-03-19,3,0,70,101,57,4,1,0,5,2,3,1
FL1080,2025-03-22,0,4,39,44,33,1,0,0,4,5,3,1
FL1081,2025-02-05,1,5,61,154,19,4,3,1,1,2,2,1
FL1082,2025-02-19,1,3,80,236,49,3,0,0,0,2,2,1
FL1083,2025-04-14,2,0,102,217,101,4,1,2,0,0,4,1
FL1084,2025-01-04,1,0,60,66,87,2,1,1,3,5,1,1
FL1085,2025-01-02,4,5,82,120,9,4,1,1,3,3,1,1
FL1086,2025-01-06,1,5,28,13,31,3,0,2,5,0,1,0
FL1087,2025-02-23,2,3,85,225,51,3,2,2,1,6,2,1
FL1088,2025-04-16,1,3,49,163,14,3,0,2,0,2,4,1
FL1089,2025-01-04,4,5,99,127,100,2,2,0,0,5,1,1
FL1090,2025-02-23,3,1,-5,193,83,3,1,1,0,6,2,1
FL1091,2025-04-03,2,0,66,109,2,1,3,0,0,3,4,1
FL1092,2025-03-04,3,2,81,22,36,3,2,2,2,1,3,1
FL1093,2025-01-18,3,3,32,25,120,4,1,0,1,5,1,1
FL1094,2025-03-31,3,3,0,38,39,4,1,2,4,0,3,1
FL1095,2025-02-13,5,5,80,189,71,4,2,0,4,3,2,1
FL1096,2025-02-03,0,4,19,187,39,2,3,0,5,0,2,1
FL1097,2025-03-15,5,2,76,162,107,4,1,2,2,5,3,1
FL1098,2025-03-03,0,2,11,224,55,2,2,0,0,0,3,1
FL1099,2025-04-10,3,3,55,219,22,2,3,1,0,3,4,1
FL1100,2025-01-14,2,1,6,22,103,3,3,0,3,1,1,1
FL1101,2025-04-05,0,4,0,22,10,1,1,0,3,5,4,1
FL1102,2025-02-17,4,2,84,232,109,3,0,1,5,0,2,1
FL1103,2025-01-15,4,3,21,2,63,3,0,2,0,2,1,0
FL1104,2025-03-13,1,2,2,65,7,2,1,1,5,3,3,1
FL1105,2025-03-19,0,4,77,32,92,2,3,0,2,2,3,1
FL1106,2025-03-28,2,4,118,183,93,4,1,2,4,4,3,1
FL1107,2025-03-03,5,0,100,175,55,4,2,0,0,0,3,1
FL1108,2025-02-09,3,5,59,213,59,3,0,0,1,6,2,1
FL1109,2025-03-26,1,5,51,179,9,0,2,1,2,2,3,1
FL1110,2025-03-21,4,3,87,114,38,0,1,1,0,4,3,1
FL1111,2025-04-19,5,4,103,21,27,4,1,2,1,5,4,1
FL1112,2025-03-23,5,0,107,107,48,0,3,2,3,6,3,1
FL1113,2025-04-21,3,0,93,67,35,4,3,2,5,0,4,1
FL1114,2025-02-22,0,2,34,93,12,2,3,0,3,5,2,1
FL1115,2025-01-24,4,2,8,179,95,3,2,1,4,4,1,1
FL1116,2025-01-26,2,0,29,60,35,1,3,1,3,6,1,1
FL1117,2025-03-30,5,2,42,167,100,3,1,1,0,6,3,1
FL1118,2025-03-01,3,4,103,55,25,4,3,2,1,5,3,1
FL1119,2025-04-19,2,1,78,186,85,4,0,1,3,5,4,1
FL1120,2025-02-10,0,4,50,52,3,3,3,1,0,0,2,1
FL1121,2025-01-29,4,0,43,68,94,4,2,1,4,2,1,1
FL1122,2025-01-15,0,0,7,99,81,0,0,2,1,2,1,1
FL1123,2025-02-14,5,4,55,55,63,0,0,1,3,4,2,1
FL1124,2025-03-06,2,2,96,136,37,4,0,2,5,3,3,1
FL1125,2025-03-30,2,2,43,166,87,4,2,1,5,6,3,1
FL1126,2025-03-12,2,5,40,133,119,0,1,1,1,2,3,1
FL1127,2025-01-09,5,0,107,101,86,4,3,1,5,3,1,1
FL1128,2025-03-29,5,3,56,164,21,4,0,2,3,5,3,1
FL1129,2025-01-01,0,5,2,83,1,3,0,2,3,2,1,1
FL1130,2025-04-18,1,2,37,59,30,1,0,1,1,4,4,1
FL1131,2025-01-08,0,4,14,210,118,0,1,0,3,2,1,1
FL1132,2025-03-29,4,2,118,1,10,3,1,2,0,5,3,0
FL1133,2025-03-04,3,4,91,126,91,1,2,2,4,1,3,1
FL1134,2025-01-11,2,5,84,177,45,4,1,1,5,5,1,1
FL1135,2025-04-25,1,0,33,84,95,4,3,0,0,4,4,1
FL1136,2025-03-22,3,2,79,45,61,3,2,1,1,5,3,1
FL1137,2025-01-08,1,4,111,194,68,4,2,2,5,2,1,1
FL1138,2025-02-04,0,0,43,218,63,2,3,2,0,1,2,1
FL1139,2025-02-04,5,3,58,74,101,3,3,1,3,1,2,1
FL1140,2025-02-02,2,4,56,36,9,1,3,1,1,6,2,1
FL1141,2025-01-05,0,5,100,162,39,3,2,0,1,6,1,1
FL1142,2025-04-16,3,3,101,237,109,0,2,0,5,2,4,1
FL1143,2025-04-13,3,3,48,167,23,3,2,2,3,6,4,1
FL1144,2025-02-10,3,1,120,195,98,4,3,0,5,0,2,1
FL1145,2025-01-28,3,2,99,139,43,4,3,0,2,1,1,1
FL1146,2025-01-07,3,4,3,85,111,2,0,2,0,1,1,1
FL1147,2025-03-14,1,3,82,56,59,2,1,2,2,4,3,1
FL1148,2025-03-13,0,1,31,48,61,2,0,2,0,3,3,1
FL1149,2025-01-12,2,5,43,28,86,1,3,2,4,6,1,1
FL1150,2025-02-03,5,0,35,188,16,2,2,1,1,0,2,1
FL1151,2025-02-02,5,4,11,99,64,1,3,2,5,6,2,1
FL1152,2025-02-17,0,3,82,23,118,2,1,2,4,0,2,1
FL1153,2025-04-29,0,2,15,110,94,1,0,2,4,1,4,1
FL1154,2025-01-23,5,1,45,153,94,3,0,0,1,3,1,1
FL1155,2025-03-03,5,3,53,177,105,3,2,2,1,0,3,1
FL1156,2025-03-29,1,2,33,204,56,4,0,1,0,5,3,1
FL1157,2025-02-06,4,3,49,183,54,1,0,1,2,3,2,1
FL1158,2025-04-09,2,4,35,124,105,0,3,2,3,2,4,1
FL1159,2025-02-13,3,4,33,238,52,4,0,1,0,3,2,1
FL1160,2025-04-14,4,4,7,121,55,3,0,0,3,0,4,1
FL1161,2025-03-27,0,5,58,45,97,1,0,2,4,3,3,1
FL1162,2025-04-01,5,5,5,116,8,2,2,1,3,1,4,1
FL1163,2025-02-04,4,1,104,226,21,0,2,1,2,1,2,1
FL1164,2025-03-06,2,4,13,37,12,3,3,2,0,3,3,1
FL1165,2025-04-09,0,2,5,14,88,4,0,1,1,2,4,0
FL1166,2025-04-11,3,3,71,20,47,1,2,2,2,4,4,1
FL1167,2025-02-16,3,0,40,211,17,0,2,1,2,6,2,1
FL1168,2025-03-19,2,2,39,52,114,1,3,0,0,2,3,1
FL1169,2025-01-03,2,5,-5,147,75,2,1,1,1,4,1,1
FL1170,2025-01-01,5,5,34,198,39,4,0,1,2,2,1,1
FL1171,2025-01-05,3,2,102,239,16,1,2,2,1,6,1,1
FL1172,2025-03-31,0,5,13,14,14,3,3,1,5,0,3,0
FL1173,2025-04-29,4,4,70,57,105,4,3,2,5,1,4,1
FL1174,2025-01-14,0,1,66,29,14,3,3,0,5,1,1,1
FL1175,2025-04-13,1,3,66,168,78,1,2,2,3,6,4,1
FL1176,2025-01-27,1,1,55,200,62,4,0,2,2,0,1,1
FL1177,2025-01-09,2,3,111,30,118,3,1,1,0,3,1,1
FL1178,2025-03-20,5,3,103,185,38,2,0,0,0,3,3,1
FL1179,2025-01-15,1,1,6,160,12,2,3,2,3,2,1,1
FL1180,2025-03-31,3,2,55,7,80,1,3,1,0,0,3,0
FL1181,2025-02-11,0,3,106,207,31,4,1,1,5,1,2,1
FL1182,2025-03-18,0,1,27,137,8,0,0,2,2,1,3,1
FL1183,2025-02-20,2,3,39,222,39,4,3,1,0,3,2,1
FL1184,2025-03-04,4,0,84,8,19,2,3,2,0,1,3,0
FL1185,2025-04-06,2,2,97,212,89,3,0,2,4,6,4,1
FL1186,2025-04-13,4,4,86,15,90,0,3,2,4,6,4,0
FL1187,2025-04-23,2,3,116,66,84,1,0,0,4,2,4,1
FL1188,2025-02-21,2,0,63,46,81,0,3,2,2,4,2,1
FL1189,2025-04-06,2,4,2,178,76,1,0,1,5,6,4,1
FL1190,2025-01-04,4,4,19,109,79,0,1,0,1,5,1,1
FL1191,2025-04-04,4,3,85,151,72,1,3,1,5,4,4,1
FL1192,2025-04-11,2,1,40,121,62,1,1,0,5,4,4,1
FL1193,2025-01-23,1,3,81,147,75,0,3,0,2,3,1,1
FL1194,2025-04-13,5,0,24,99,43,0,3,0,2,6,4,1
FL1195,2025-04-19,5,4,103,100,37,1,2,0,4,5,4,1
FL1196,2025-01-15,5,3,41,239,82,2,0,1,0,2,1,1
FL1197,2025-02-12,4,1,81,63,59,0,1,2,3,2,2,1
FL1198,2025-01-29,4,3,43,189,70,4,1,1,3,2,1,1
FL1199,2025-02-05,1,2,41,215,120,3,1,2,1,2,2,1
FL1200,2025-01-13,5,1,78,49,98,1,0,1,0,0,1,1
FL1201,2025-02-01,5,0,76,34,47,1,2,0,1,5,2,1
FL1202,2025-03-12,2,4,12,79,17,3,1,0,4,2,3,1
FL1203,2025-02-28,4,3,60,231,15,2,0,2,1,4,2,1
FL1204,2025-04-25,5,1,62,125,54,3,3,2,0,4,4,1
FL1205,2025-03-27,0,2,88,86,38,0,1,1,0,3,3,1
FL1206,2025-01-28,1,1,27,192,67,3,1,2,3,1,1,1
FL1207,2025-03-07,0,5,30,102,58,1,2,1,4,4,3,1
FL1208,2025-02-11,0,2,76,13,88,3,1,2,2,1,2,0
FL1209,2025-02-14,1,0,95,94,95,4,1,2,1,4,2,1
FL1210,2025-03-03,0,4,13,165,61,0,3,2,3,0,3,1
FL1211,2025-02-26,5,0,105,121,103,3,0,0,1,2,2,1
FL1212,2025-04-27,4,3,22,196,12,1,0,0,1,6,4,1
FL1213,2025-01-06,1,1,34,-1,108,0,2,1,2,0,1,0
FL1214,2025-01-28,2,5,78,237,80,1,3,2,4,1,1,1
FL1215,2025-01-28,0,2,107,149,112,2,0,1,0,1,1,1
FL1216,2025-04-18,1,2,91,120,100,4,3,2,5,4,4,1
FL1217,2025-02-13,3,1,70,165,5,2,0,0,1,3,2,1
FL1218,2025-03-25,3,5,116,124,82,4,3,0,5,1,3,1
FL1219,2025-01-30,4,1,109,55,76,3,2,2,4,3,1,1
FL1220,2025-03-03,5,3,9,79,120,0,1,2,5,0,3,1
FL1221,2025-03-16,4,0,35,160,59,3,2,0,1,6,3,1
FL1222,2025-04-29,4,2,33,167,89,4,0,0,2,1,4,1
FL1223,2025-04-02,4,3,-4,219,13,4,2,1,5,2,4,1
FL1224,2025-03-30,4,0,57,71,94,4,1,0,4,6,3,1
FL1225,2025-04-13,2,3,23,139,53,1,2,2,4,6,4,1
FL1226,2025-03-03,2,5,99,68,3,0,0,1,2,0,3,1
FL1227,2025-04-07,1,2,68,4,38,3,0,2,5,0,4,0
FL1228,2025-01-01,3,1,60,82,71,3,2,1,5,2,1,1
FL1229,2025-01-27,4,1,45,50,24,2,1,2,0,0,1,1
FL1230,2025-03-03,1,0,69,1,76,4,2,0,3,0,3,0
FL1231,2025-04-26,3,4,71,79,31,4,1,2,4,5,4,1
FL1232,2025-03-18,0,5,4,61,58,4,3,1,0,1,3,1
FL1233,2025-04-15,5,0,8,47,101,3,1,2,4,1,4,1
FL1234,2025-01-03,2,4,76,74,62,2,3,1,0,4,1,1
FL1235,2025-04-13,0,3,45,110,37,1,2,2,3,6,4,1
FL1236,2025-03-11,3,5,112,173,119,0,1,0,0,1,3,1
FL1237,2025-03-13,0,3,67,107,91,1,3,0,4,3,3,1
FL1238,2025-01-27,5,2,115,181,52,3,3,2,5,0,1,1
FL1239,2025-01-09,3,5,33,190,93,4,3,2,4,3,1,1
FL1240,2025-03-03,0,4,22,63,66,0,0,2,1,0,3,1
FL1241,2025-02-06,2,2,-3,79,27,3,2,1,2,3,2,1
FL1242,2025-04-07,2,1,78,193,2,3,3,2,2,0,4,1
FL1243,2025-02-20,1,4,64,216,108,3,1,2,1,3,2,1
FL1244,2025-04-16,0,0,21,13,117,0,3,1,2,2,4,0
FL1245,2025-02-13,4,1,111,98,97,0,0,0,2,3,2,1
FL1246,2025-01-24,0,1,-4,30,79,2,2,2,3,4,1,1
FL1247,2025-03-20,3,0,87,94,21,2,0,2,5,3,3,1
FL1248,2025-02-28,3,5,32,126,95,1,0,0,5,4,2,1
FL1249,2025-04-28,0,1,-3,194,37,0,0,0,4,0,4,1
FL1250,2025-02-01,5,4,10,144,71,0,1,1,1,5,2,1
FL1251,2025-04-06,2,2,88,111,118,0,2,2,0,6,4,1
FL1252,2025-03-29,3,1,34,81,71,2,2,2,4,5,3,1
FL1253,2025-04-15,2,4,-4,41,61,3,1,1,4,1,4,1
FL1254,2025-02-21,3,3,75,114,56,4,2,0,4,4,2,1
FL1255,2025-04-23,1,4,35,161,5,2,0,1,4,2,4,1
FL1256,2025-03-03,4,2,120,230,77,0,2,0,5,0,3,1
FL1257,2025-04-23,3,4,6,76,31,2,1,1,0,2,4,1
FL1258,2025-02-27,2,0,29,56,98,1,0,0,4,3,2,1
FL1259,2025-02-21,1,2,101,31,9,0,1,1,5,4,2,1
FL1260,2025-01-12,3,5,59,12,2,1,3,0,4,6,1,0
FL1261,2025-02-08,5,3,49,160,58,0,0,0,2,5,2,1
FL1262,2025-01-02,4,0,39,187,75,2,0,0,4,3,1,1
FL1263,2025-01-03,3,5,73,130,48,3,2,0,1,4,1,1
FL1264,2025-04-23,1,4,84,214,58,4,0,0,1,2,4,1
FL1265,2025-04-11,5,2,95,57,30,1,1,2,4,4,4,1
FL1266,2025-04-23,0,3,79,155,92,2,2,0,3,2,4,1
FL1267,2025-02-25,1,0,56,81,68,3,3,2,2,1,2,1
FL1268,2025-03-22,1,5,43,132,61,2,1,0,0,5,3,1
FL1269,2025-02-28,5,5,89,119,51,1,3,2,4,4,2,1
FL1270,2025-04-23,1,3,19,223,88,4,3,2,0,2,4,1
FL1271,2025-01-02,5,4,17,175,40,2,3,1,2,3,1,1
FL1272,2025-01-02,3,3,18,166,30,0,0,0,4,3,1,1
FL1273,2025-04-02,5,5,115,81,84,3,1,1,3,2,4,1
FL1274,2025-02-23,5,1,32,191,83,2,1,1,5,6,2,1
FL1275,2025-03-28,4,0,22,195,102,3,0,0,3,4,3,1
FL1276,2025-04-11,5,3,15,25,21,0,2,1,3,4,4,1
FL1277,2025-04-06,5,5,48,78,3,4,3,0,5,6,4,1
FL1278,2025-04-07,0,4,101,132,12,4,1,1,5,0,4,1
FL1279,2025-01-01,3,5,12,230,44,0,0,0,1,2,1,1
FL1280,2025-01-19,4,4,30,11,41,3,3,0,5,6,1,0
FL1281,2025-01-02,0,3,93,238,113,2,2,0,4,3,1,1
FL1282,2025-02-22,2,4,39,62,48,0,2,2,0,5,2,1
FL1283,2025-02-13,3,2,113,188,19,1,3,1,1,3,2,1
FL1284,2025-03-31,3,2,67,225,115,3,2,2,1,0,3,1
FL1285,2025-02-01,2,2,47,145,76,4,1,1,0,5,2,1
FL1286,2025-03-11,5,1,96,202,80,0,1,1,1,1,3,1
FL1287,2025-02-01,0,3,116,78,53,4,1,1,5,5,2,1
FL1288,2025-04-29,1,5,24,121,35,3,2,2,3,1,4,1
FL1289,2025-03-09,4,5,54,41,96,4,1,1,2,6,3,1
FL1290,2025-02-24,1,1,102,200,0,0,0,2,5,0,2,1
FL1291,2025-03-16,2,4,92,87,14,3,1,0,3,6,3,1
FL1292,2025-02-25,3,1,26,146,76,1,1,1,3,1,2,1
FL1293,2025-01-17,3,4,61,93,16,0,2,1,1,4,1,1
FL1294,2025-02-07,4,4,61,194,23,2,1,0,4,4,2,1
FL1295,2025-01-24,3,0,22,170,57,0,3,0,4,4,1,1
FL1296,2025-03-10,3,5,38,149,71,3,0,1,1,0,3,1
FL1297,2025-04-26,4,2,73,0,113,0,2,0,1,5,4,0
FL1298,2025-04-08,0,4,35,118,90,1,0,2,0,1,4,1
FL1299,2025-03-11,0,0,57,20,108,1,3,2,0,1,3,1
FL1300,2025-03-27,4,5,17,113,22,2,2,1,2,3,3,1
FL1301,2025-01-11,2,2,98,55,45,4,2,2,2,5,1,1
FL1302,2025-04-22,3,4,69,227,71,3,1,2,2,1,4,1
FL1303,2025-01-16,3,4,42,70,7,3,0,1,2,3,1,1
FL1304,2025-04-07,2,1,26,5,58,4,3,0,3,0,4,0
FL1305,2025-03-14,0,1,116,204,89,1,3,1,3,4,3,1
FL1306,2025-02-28,5,5,117,182,110,1,2,2,0,4,2,1
FL1307,2025-03-11,5,2,51,117,58,0,1,1,4,1,3,1
FL1308,2025-03-21,5,4,112,193,12,2,2,1,1,4,3,1
FL1309,2025-04-03,0,5,94,112,38,2,2,2,4,3,4,1
FL1310,2025-01-03,0,5,118,14,100,2,2,2,5,4,1,0
FL1311,2025-01-20,2,3,27,81,112,0,2,1,3,0,1,1
FL1312,2025-02-28,3,1,18,177,27,2,3,2,2,4,2,1
FL1313,2025-02-05,2,2,33,208,88,4,3,2,2,2,2,1
FL1314,2025-01-19,2,4,28,206,60,0,2,2,5,6,1,1
FL1315,2025-03-31,0,5,50,70,15,4,2,2,4,0,3,1
FL1316,2025-03-08,5,4,22,122,118,0,1,2,2,5,3,1
FL1317,2025-01-19,1,3,31,223,1,2,2,2,4,6,1,1
FL1318,2025-01-20,3,2,1,111,117,4,3,0,1,0,1,1
FL1319,2025-04-06,0,5,62,10,81,4,0,1,5,6,4,0
FL1320,2025-03-12,5,4,31,124,16,4,3,2,4,2,3,1
FL1321,2025-02-21,1,1,50,51,29,0,1,1,1,4,2,1
FL1322,2025-04-15,1,3,59,73,102,3,3,0,4,1,4,1
FL1323,2025-02-02,0,2,59,131,12,2,0,2,4,6,2,1
FL1324,2025-02-09,4,3,41,25,95,4,2,1,2,6,2,1
FL1325,2025-02-08,3,1,14,138,113,3,0,2,0,5,2,1
FL1326,2025-03-23,1,2,13,143,92,2,2,2,3,6,3,1
FL1327,2025-04-14,0,3,23,132,109,2,2,2,4,0,4,1
FL1328,2025-01-01,0,0,68,95,93,4,3,2,4,2,1,1
FL1329,2025-01-11,5,1,54,3,81,4,3,2,4,5,1,0
FL1330,2025-04-02,4,1,12,55,12,0,3,2,0,2,4,1
FL1331,2025-02-26,3,1,86,154,42,3,1,2,1,2,2,1
FL1332,2025-03-30,2,0,29,76,84,3,3,0,5,6,3,1
FL1333,2025-02-19,5,0,37,67,93,4,1,0,2,2,2,1
FL1334,2025-01-23,1,4,105,116,20,2,3,2,0,3,1,1
FL1335,2025-01-31,1,5,89,118,111,4,2,2,1,4,1,1
FL1336,2025-04-04,5,3,85,57,54,2,1,0,4,4,4,1
FL1337,2025-02-11,0,4,120,31,80,2,0,0,1,1,2,1
FL1338,2025-04-09,1,3,5,60,39,4,1,0,0,2,4,1
FL1339,2025-01-07,4,5,43,48,82,1,1,2,0,1,1,1
FL1340,2025-01-16,3,0,107,110,115,3,0,1,0,3,1,1
FL1341,2025-03-31,4,5,32,231,14,2,1,1,5,0,3,1
FL1342,2025-04-22,1,0,58,17,72,2,2,1,3,1,4,1
FL1343,2025-04-26,2,5,63,212,51,1,3,1,2,5,4,1
FL1344,2025-03-01,3,4,2,195,73,0,0,2,5,5,3,1
FL1345,2025-04-23,3,2,28,121,107,1,3,1,5,2,4,1
FL1346,2025-01-02,5,4,42,192,94,1,2,0,3,3,1,1
FL1347,2025-01-01,5,3,110,220,52,2,0,0,5,2,1,1
FL1348,2025-02-17,2,4,50,45,86,3,3,1,0,0,2,1
FL1349,2025-01-12,0,1,70,165,51,1,3,0,0,6,1,1
FL1350,2025-03-10,3,3,96,194,29,0,2,2,1,0,3,1
FL1351,2025-02-06,2,5,59,31,32,4,3,1,4,3,2,1
FL1352,2025-02-01,5,3,25,139,56,1,2,1,5,5,2,1
FL1353,2025-04-29,5,2,-2,82,51,1,1,2,4,1,4,1
FL1354,2025-01-09,3,0,107,180,8,0,2,0,2,3,1,1
FL1355,2025-04-15,4,5,103,133,53,3,1,2,0,1,4,1
FL1356,2025-04-09,1,3,44,77,110,1,0,2,1,2,4,1
FL1357,2025-01-19,5,5,63,213,0,1,3,0,2,6,1,1
FL1358,2025-02-17,0,5,24,12,43,3,2,2,1,0,2,0
FL1359,2025-03-21,0,5,114,213,98,0,2,0,3,4,3,1
FL1360,2025-01-03,5,0,82,145,74,1,3,0,0,4,1,1
FL1361,2025-01-20,4,4,53,126,97,3,3,2,2,0,1,1
FL1362,2025-01-24,4,5,61,52,79,1,0,0,3,4,1,1
FL1363,2025-02-23,2,1,69,219,8,4,0,2,2,6,2,1
FL1364,2025-04-30,0,2,39,146,31,2,2,0,1,2,4,1
FL1365,2025-02-02,2,0,-2,27,14,4,0,1,3,6,2,1
FL1366,2025-01-24,0,3,20,22,11,1,1,0,3,4,1,1
FL1367,2025-04-26,1,0,21,80,96,0,0,0,0,5,4,1
FL1368,2025-03-16,1,3,40,61,108,2,0,2,4,6,3,1
FL1369,2025-04-23,3,0,112,200,77,4,2,0,1,2,4,1
FL1370,2025-03-13,2,3,101,103,120,3,1,1,1,3,3,1
FL1371,2025-02-05,5,5,58,55,56,0,0,1,3,2,2,1
FL1372,2025-02-07,2,4,85,134,7,4,1,0,3,4,2,1
FL1373,2025-04-14,5,3,100,216,71,3,1,0,0,0,4,1
FL1374,2025-03-25,4,3,45,60,26,1,1,1,4,1,3,1
FL1375,2025-04-09,2,1,44,155,61,3,3,2,1,2,4,1
FL1376,2025-04-22,4,3,0,200,11,4,3,1,5,1,4,1
FL1377,2025-03-30,1,1,53,15,64,4,3,1,5,6,3,0
FL1378,2025-04-09,1,2,119,64,106,1,3,0,4,2,4,1
FL1379,2025-01-25,3,5,9,4,103,3,2,0,2,5,1,0
FL1380,2025-04-03,2,1,111,56,41,3,0,1,0,3,4,1
FL1381,2025-01-18,4,4,24,67,61,1,3,2,4,5,1,1
FL1382,2025-04-20,5,5,36,154,114,3,2,1,5,6,4,1
FL1383,2025-03-23,1,1,95,60,10,1,0,1,3,6,3,1
FL1384,2025-03-07,1,5,116,167,102,0,3,2,5,4,3,1
FL1385,2025-02-23,5,5,119,195,42,4,0,1,3,6,2,1
FL1386,2025-02-04,4,5,31,80,94,0,3,1,0,1,2,1
FL1387,2025-03-21,4,2,36,216,16,2,2,0,3,4,3,1
FL1388,2025-03-02,2,4,118,210,96,2,1,2,4,6,3,1
FL1389,2025-02-10,2,0,95,167,31,2,1,0,3,0,2,1
FL1390,2025-04-10,0,0,29,175,92,1,0,0,2,3,4,1
FL1391,2025-02-02,0,1,81,217,84,3,2,2,4,6,2,1
FL1392,2025-03-09,3,5,0,175,84,0,1,2,0,6,3,1
FL1393,2025-02-02,1,1,62,202,39,0,3,1,4,6,2,1
FL1394,2025-01-14,2,2,12,69,22,0,1,0,2,1,1,1
FL1395,2025-01-21,4,2,118,129,55,0,0,2,0,1,1,1
FL1396,2025-02-17,5,3,67,8,5,2,0,0,5,0,2,0
FL1397,2025-01-20,4,2,107,96,85,0,2,0,2,0,1,1
FL1398,2025-04-30,1,3,23,87,49,3,0,2,0,2,4,1
FL1399,2025-01-08,0,4,71,33,101,2,1,1,3,2,1,1
FL1400,2025-01-07,4,1,53,206,36,0,1,0,4,1,1,1
FL1401,2025-03-08,3,4,41,0,108,1,1,2,0,5,3,0
FL1402,2025-01-17,1,2,120,122,63,4,1,1,4,4,1,1
FL1403,2025-02-02,0,4,110,22,114,4,2,0,3,6,2,1
FL1404,2025-02-17,5,4,11,72,53,4,3,2,0,0,2,1
FL1405,2025-03-17,0,4,103,164,71,2,3,0,5,0,3,1
FL1406,2025-02-28,3,2,90,20,104,0,2,2,2,4,2,1
FL1407,2025-04-25,1,5,106,152,48,2,0,2,0,4,4,1
FL1408,2025-03-27,5,4,16,169,98,3,3,0,3,3,3,1
FL1409,2025-04-29,3,3,62,181,114,1,0,0,0,1,4,1
FL1410,2025-01-22,0,2,63,37,10,1,3,2,4,2,1,1
FL1411,2025-04-20,3,4,31,217,87,4,0,1,1,6,4,1
FL1412,2025-01-30,1,5,99,155,48,4,2,0,0,3,1,1
FL1413,2025-02-07,2,2,43,237,20,4,1,2,5,4,2,1
FL1414,2025-04-12,3,0,7,228,114,0,0,2,0,5,4,1
FL1415,2025-04-19,3,5,28,18,65,3,1,1,2,5,4,1
FL1416,2025-02-20,0,3,103,217,62,3,0,1,0,3,2,1
FL1417,2025-02-23,0,4,80,39,103,3,0,1,1,6,2,1
FL1418,2025-01-08,5,0,47,180,82,3,0,0,4,2,1,1
FL1419,2025-01-27,0,0,117,146,102,4,0,2,0,0,1,1
FL1420,2025-01-27,4,2,81,106,27,1,0,2,5,0,1,1
FL1421,2025-04-08,1,0,45,145,16,4,1,2,3,1,4,1
FL1422,2025-01-21,1,3,-3,82,5,3,0,1,0,1,1,1
FL1423,2025-01-30,2,3,36,225,18,4,1,2,0,3,1,1
FL1424,2025-04-07,2,1,92,109,55,3,2,0,2,0,4,1
FL1425,2025-01-28,1,3,26,64,101,2,3,1,5,1,1,1
FL1426,2025-04-21,2,5,103,156,27,1,0,1,1,0,4,1
FL1427,2025-03-05,5,0,45,51,65,2,3,1,3,2,3,1
FL1428,2025-04-07,0,3,116,32,37,0,1,1,4,0,4,1
FL1429,2025-03-10,1,2,107,148,118,4,2,0,0,0,3,1
FL1430,2025-03-02,2,1,79,65,36,0,2,2,1,6,3,1
FL1431,2025-02-17,1,0,40,132,114,4,2,0,3,0,2,1
FL1432,2025-01-19,4,1,102,205,115,2,3,2,4,6,1,1
FL1433,2025-01-04,3,0,15,25,67,3,1,0,1,5,1,1
FL1434,2025-02-04,0,2,38,8,85,3,0,1,5,1,2,0
FL1435,2025-03-05,1,1,5,71,89,4,0,1,5,2,3,1
FL1436,2025-02-18,3,4,97,223,48,3,1,0,3,1,2,1
FL1437,2025-01-17,2,5,62,94,42,2,3,0,4,4,1,1
FL1438,2025-02-13,3,5,109,46,35,3,0,2,5,3,2,1
FL1439,2025-04-02,0,0,-5,68,57,2,1,0,3,2,4,1
FL1440,2025-01-30,1,4,86,231,12,0,0,0,5,3,1,1
FL1441,2025-04-03,4,1,57,185,51,2,2,2,5,3,4,1
FL1442,2025-02-15,2,4,18,98,57,1,0,2,1,5,2,1
FL1443,2025-04-27,1,4,119,57,31,1,3,2,1,6,4,1
FL1444,2025-01-06,0,1,93,0,80,1,1,0,5,0,1,0
FL1445,2025-04-09,2,2,7,155,104,4,3,2,2,2,4,1
FL1446,2025-04-15,5,4,105,194,99,4,1,1,1,1,4,1
FL1447,2025-02-06,3,4,92,63,118,4,2,1,4,3,2,1
FL1448,2025-01-24,0,2,5,81,59,2,1,1,3,4,1,1
FL1449,2025-04-03,5,4,94,152,109,4,0,0,3,3,4,1
FL1450,2025-04-23,1,4,45,215,82,0,0,1,4,2,4,1
FL1451,2025-02-15,4,4,119,8,57,1,2,0,4,5,2,0
FL1452,2025-02-22,2,5,11,51,98,2,1,0,4,5,2,1
FL1453,2025-04-05,3,3,93,77,109,1,2,1,4,5,4,1
FL1454,2025-04-09,2,2,118,57,103,4,0,2,0,2,4,1
FL1455,2025-03-01,1,4,76,148,55,2,3,0,3,5,3,1
FL1456,2025-04-07,2,5,98,177,27,3,2,1,0,0,4,1
FL1457,2025-04-26,3,2,80,46,0,0,3,0,5,5,4,1
FL1458,2025-03-04,1,0,115,147,41,4,3,2,5,1,3,1
FL1459,2025-03-26,2,0,18,121,81,4,1,2,3,2,3,1
FL1460,2025-02-01,4,4,116,20,47,0,2,1,5,5,2,1
FL1461,2025-03-28,0,5,13,98,39,0,3,0,4,4,3,1
FL1462,2025-02-02,1,5,31,96,96,3,3,0,0,6,2,1
FL1463,2025-03-08,0,2,97,156,62,4,1,0,4,5,3,1
FL1464,2025-01-18,1,2,79,23,75,4,1,0,5,5,1,1
FL1465,2025-01-25,4,5,2,235,71,1,0,1,1,5,1,1
FL1466,2025-04-16,0,2,22,26,87,2,3,2,0,2,4,1
FL1467,2025-04-05,5,5,-1,191,79,2,0,1,4,5,4,1
FL1468,2025-02-23,3,3,11,111,113,1,3,0,3,6,2,1
FL1469,2025-02-27,5,5,95,43,3,2,0,0,4,3,2,1
FL1470,2025-03-08,2,0,30,66,37,0,1,2,1,5,3,1
FL1471,2025-04-14,4,2,112,5,107,2,2,0,5,0,4,0
FL1472,2025-02-15,5,5,13,47,26,2,1,1,0,5,2,1
FL1473,2025-01-24,1,5,58,135,8,1,0,1,3,4,1,1
FL1474,2025-04-24,2,2,85,162,110,3,0,2,0,3,4,1
FL1475,2025-02-01,2,3,111,81,15,2,2,1,3,5,2,1
FL1476,2025-02-16,5,3,92,127,55,2,3,1,0,6,2,1
FL1477,2025-03-27,5,2,5,136,75,3,0,1,5,3,3,1
FL1478,2025-01-23,4,1,48,162,30,1,0,1,3,3,1,1
FL1479,2025-03-07,3,2,39,71,87,3,0,0,2,4,3,1
FL1480,2025-01-27,5,2,41,235,118,1,2,1,0,0,1,1
FL1481,2025-04-16,5,3,6,44,13,0,1,2,0,2,4,1
FL1482,2025-01-02,0,3,112,104,108,1,0,2,4,3,1,1
FL1483,2025-03-31,1,2,15,158,24,0,2,1,3,0,3,1
FL1484,2025-01-17,0,2,112,30,33,0,0,2,1,4,1,1
FL1485,2025-04-14,0,2,5,4,66,1,3,1,2,0,4,0
FL1486,2025-02-02,2,3,97,174,23,4,2,2,5,6,2,1
FL1487,2025-01-09,3,2,86,164,117,1,0,2,4,3,1,1
FL1488,2025-02-12,1,2,-1,143,105,2,2,1,2,2,2,1
FL1489,2025-04-28,4,4,75,72,72,2,0,1,3,0,4,1
FL1490,2025-02-17,4,1,50,112,25,4,1,0,2,0,2,1
FL1491,2025-02-08,5,0,14,25,19,0,0,1,0,5,2,1
FL1492,2025-04-03,5,1,35,52,63,4,2,1,0,3,4,1
FL1493,2025-02-11,4,4,40,176,103,2,3,0,4,1,2,1
FL1494,2025-04-29,5,0,116,161,9,4,3,1,3,1,4,1
FL1495,2025-01-26,3,2,6,83,82,1,3,1,3,6,1,1
FL1496,2025-04-09,0,4,64,125,66,4,0,0,2,2,4,1
FL1497,2025-02-19,5,2,11,151,23,0,1,1,4,2,2,1
FL1498,2025-01-25,2,3,109,154,4,1,0,1,3,5,1,1
FL1499,2025-01-24,5,5,13,109,66,3,3,0,1,4,1,1
FL1500,2025-01-13,1,4,20,13,57,2,2,0,1,0,1,0
FL1501,2025-03-01,3,3,42,130,26,2,3,2,0,5,3,1
FL1502,2025-01-07,1,4,102,91,79,4,2,1,2,1,1,1
FL1503,2025-02-26,1,4,102,121,112,1,1,2,5,2,2,1
FL1504,2025-02-05,2,3,46,71,14,3,2,2,0,2,2,1
FL1505,2025-02-14,3,0,90,153,34,1,0,0,4,4,2,1
FL1506,2025-01-20,3,1,64,152,75,2,0,1,3,0,1,1
FL1507,2025-03-06,3,2,49,145,104,1,0,1,0,3,3,1
FL1508,2025-01-08,3,4,116,90,52,3,2,0,5,2,1,1
FL1509,2025-04-20,3,2,94,15,43,4,0,2,5,6,4,0
FL1510,2025-01-16,2,5,96,41,25,0,0,0,1,3,1,1
FL1511,2025-01-14,5,3,69,119,46,1,0,1,4,1,1,1
FL1512,2025-03-17,1,2,27,39,33,0,1,0,0,0,3,1
FL1513,2025-04-25,3,3,56,168,86,2,2,1,2,4,4,1
FL1514,2025-03-28,5,2,82,176,94,4,2,2,0,4,3,1
FL1515,2025-01-15,5,1,17,210,49,4,3,1,1,2,1,1
FL1516,2025-04-02,1,1,9,235,83,1,2,2,5,2,4,1
FL1517,2025-04-08,2,1,21,166,11,4,1,2,4,1,4,1
FL1518,2025-03-07,4,1,69,37,86,1,2,1,4,4,3,1
FL1519,2025-02-01,4,1,58,111,3,1,1,1,2,5,2,1
FL1520,2025-03-28,5,1,115,149,86,0,1,2,4,4,3,1
FL1521,2025-03-04,0,3,109,109,47,4,2,0,1,1,3,1
FL1522,2025-03-27,0,4,108,222,54,1,3,1,1,3,3,1
FL1523,2025-02-20,1,2,75,178,111,0,0,2,1,3,2,1
FL1524,2025-01-25,4,1,45,45,0,3,0,2,4,5,1,1
FL1525,2025-02-27,5,3,47,61,117,0,2,0,4,3,2,1
FL1526,2025-03-04,2,3,72,223,88,0,2,1,1,1,3,1
FL1527,2025-03-03,4,3,85,108,65,1,1,2,4,0,3,1
FL1528,2025-01-22,5,4,76,67,29,2,2,0,4,2,1,1
FL1529,2025-02-27,5,2,86,41,2,2,1,2,5,3,2,1
FL1530,2025-02-27,3,4,45,174,20,2,3,1,0,3,2,1
FL1531,2025-03-27,2,0,41,32,88,0,2,0,3,3,3,1
FL1532,2025-02-18,3,3,105,38,83,1,0,2,4,1,2,1
FL1533,2025-02-21,1,0,-2,201,48,4,0,0,3,4,2,1
FL1534,2025-02-11,3,5,1,59,115,0,2,1,3,1,2,1
FL1535,2025-03-11,3,1,103,176,85,0,1,0,5,1,3,1
FL1536,2025-01-15,4,1,29,193,84,1,0,1,4,2,1,1
FL1537,2025-02-23,0,4,42,60,61,3,1,2,1,6,2,1
FL1538,2025-04-17,5,2,67,56,96,0,2,1,3,3,4,1
FL1539,2025-03-01,2,0,66,159,115,3,2,2,4,5,3,1
FL1540,2025-04-11,3,2,110,73,37,3,0,2,2,4,4,1
FL1541,2025-04-07,2,4,39,14,14,2,2,1,1,0,4,0
FL1542,2025-01-08,0,1,75,80,109,1,3,2,2,2,1,1
FL1543,2025-02-22,0,2,75,92,51,3,3,0,2,5,2,1
FL1544,2025-03-01,3,2,107,46,78,1,0,2,3,5,3,1
FL1545,2025-04-18,1,1,91,136,45,2,3,1,2,4,4,1
FL1546,2025-04-18,3,0,90,80,24,1,1,0,5,4,4,1
FL1547,2025-01-05,4,1,66,36,20,0,0,0,5,6,1,1
FL1548,2025-04-13,5,2,13,125,87,3,0,2,3,6,4,1
FL1549,2025-03-09,1,0,57,17,120,1,1,2,4,6,3,1
FL1550,2025-01-06,3,0,32,162,4,4,3,1,0,0,1,1
FL1551,2025-04-19,2,1,61,185,69,1,3,0,4,5,4,1
FL1552,2025-04-06,1,2,53,61,112,3,3,1,4,6,4,1
FL1553,2025-04-26,1,4,63,75,106,2,0,2,4,5,4,1
FL1554,2025-04-04,3,2,7,172,111,2,0,0,4,4,4,1
FL1555,2025-02-16,1,3,41,129,107,3,3,1,1,6,2,1
FL1556,2025-04-09,2,5,104,200,46,0,2,1,0,2,4,1
FL1557,2025-02-24,0,4,55,100,86,0,3,1,1,0,2,1
FL1558,2025-02-09,1,0,25,63,67,2,1,1,2,6,2,1
FL1559,2025-02-21,0,4,113,118,90,2,0,1,4,4,2,1
FL1560,2025-01-16,2,0,74,89,17,3,1,0,5,3,1,1
FL1561,2025-01-13,3,0,108,236,20,0,1,1,3,0,1,1
FL1562,2025-04-24,5,4,90,6,91,2,0,0,3,3,4,0
FL1563,2025-04-16,1,0,16,177,98,0,2,1,1,2,4,1
FL1564,2025-01-30,5,0,87,236,85,2,3,2,1,3,1,1
FL1565,2025-01-19,2,3,80,232,103,1,1,2,5,6,1,1
FL1566,2025-01-17,1,2,37,207,22,4,0,1,4,4,1,1
FL1567,2025-04-30,0,2,61,71,63,1,1,2,0,2,4,1
FL1568,2025-03-04,4,5,48,132,66,2,3,0,2,1,3,1
FL1569,2025-01-19,5,5,4,105,39,4,2,1,3,6,1,1
FL1570,2025-04-02,1,3,36,87,113,4,2,0,2,2,4,1
FL1571,2025-02-27,5,5,58,37,9,2,2,1,0,3,2,1
FL1572,2025-02-24,1,4,120,111,88,2,0,2,1,0,2,1
FL1573,2025-03-31,3,1,15,186,51,0,0,0,3,0,3,1
FL1574,2025-04-11,0,1,74,26,112,2,2,2,2,4,4,1
FL1575,2025-03-31,5,1,70,95,71,3,3,2,1,0,3,1
FL1576,2025-04-27,4,3,60,180,118,2,3,1,0,6,4,1
FL1577,2025-03-03,4,3,35,35,74,3,0,0,2,0,3,1
FL1578,2025-01-23,2,0,18,135,60,2,2,2,4,3,1,1
FL1579,2025-01-09,1,1,29,80,63,0,3,1,1,3,1,1
FL1580,2025-01-12,5,4,50,54,4,3,3,1,0,6,1,1
FL1581,2025-04-27,2,5,24,185,108,1,3,1,2,6,4,1
FL1582,2025-01-01,5,4,51,83,52,3,0,2,4,2,1,1
FL1583,2025-02-27,1,5,88,0,54,0,2,1,4,3,2,0
FL1584,2025-01-01,4,1,41,187,36,3,1,0,0,2,1,1
FL1585,2025-04-21,3,1,29,56,55,2,2,0,5,0,4,1
FL1586,2025-02-03,4,1,13,105,58,2,2,2,3,0,2,1
FL1587,2025-04-06,2,3,108,121,108,0,0,0,0,6,4,1
FL1588,2025-04-28,0,5,2,186,101,4,3,1,4,0,4,1
FL1589,2025-02-17,3,3,20,228,92,2,3,2,4,0,2,1
FL1590,2025-03-30,2,3,107,166,68,1,0,1,0,6,3,1
FL1591,2025-04-14,1,2,98,162,72,0,0,2,5,0,4,1
FL1592,2025-04-19,3,4,65,112,58,3,0,2,3,5,4,1
FL1593,2025-04-27,2,4,24,105,111,3,0,1,2,6,4,1
FL1594,2025-01-01,1,0,1,35,1,1,0,0,0,2,1,1
FL1595,2025-01-16,4,3,61,77,64,2,1,0,3,3,1,1
FL1596,2025-03-02,0,5,59,90,103,0,2,2,3,6,3,1
FL1597,2025-04-13,1,2,30,16,59,1,2,1,1,6,4,1
FL1598,2025-03-05,5,2,19,96,50,2,2,1,4,2,3,1
FL1599,2025-03-04,1,4,31,61,29,0,3,2,2,1,3,1
FL1600,2025-03-10,1,3,-5,148,10,3,1,0,0,0,3,1
FL1601,2025-01-22,0,0,9,137,91,0,2,1,4,2,1,1
FL1602,2025-04-03,5,3,31,184,107,4,3,0,1,3,4,1
FL1603,2025-04-29,2,1,7,183,75,0,1,0,1,1,4,1
FL1604,2025-03-08,2,3,98,203,38,4,1,2,4,5,3,1
FL1605,2025-03-17,1,1,2,2,89,0,3,2,5,0,3,0
FL1606,2025-01-26,5,1,-1,212,76,4,1,0,3,6,1,1
FL1607,2025-01-16,5,0,54,133,71,3,3,1,0,3,1,1
FL1608,2025-02-20,0,5,67,59,62,2,2,1,0,3,2,1
FL1609,2025-04-11,4,4,-5,105,63,4,3,2,0,4,4,1
FL1610,2025-03-27,2,3,30,52,60,4,1,0,4,3,3,1
FL1611,2025-02-26,0,1,29,86,53,3,2,1,5,2,2,1
FL1612,2025-01-29,3,3,60,66,91,4,2,1,2,2,1,1
FL1613,2025-03-19,2,5,57,218,93,1,0,2,1,2,3,1
FL1614,2025-04-02,0,4,98,205,72,3,0,0,4,2,4,1
FL1615,2025-03-10,2,5,17,127,102,1,1,1,2,0,3,1
FL1616,2025-02-16,4,4,3,53,94,3,3,2,1,6,2,1
FL1617,2025-04-23,3,2,28,1,57,4,3,1,1,2,4,0
FL1618,2025-04-04,4,4,40,204,84,1,1,1,5,4,4,1
FL1619,2025-04-20,3,0,72,164,55,4,2,1,3,6,4,1
FL1620,2025-03-03,1,5,-2,240,110,3,1,2,0,0,3,1
FL1621,2025-04-26,0,1,24,119,33,4,1,0,2,5,4,1
FL1622,2025-03-10,3,2,89,127,118,1,2,2,4,0,3,1
FL1623,2025-03-17,4,0,96,100,30,1,3,0,2,0,3,1
FL1624,2025-01-16,2,3,69,36,51,4,1,1,3,3,1,1
FL1625,2025-03-31,3,5,93,83,88,0,3,0,0,0,3,1
FL1626,2025-03-31,0,1,66,238,75,3,1,1,2,0,3,1
FL1627,2025-02-17,3,4,-3,155,0,3,2,1,3,0,2,1
FL1628,2025-03-26,5,1,8,131,54,4,2,2,4,2,3,1
FL1629,2025-02-08,2,3,54,239,21,0,0,1,5,5,2,1
FL1630,2025-04-10,0,2,71,200,39,1,2,2,1,3,4,1
FL1631,2025-02-02,0,2,39,90,100,2,0,0,4,6,2,1
FL1632,2025-04-04,1,5,90,19,110,2,1,0,0,4,4,1
FL1633,2025-04-11,4,2,28,240,0,4,3,1,1,4,4,1
FL1634,2025-01-23,1,5,39,197,64,0,2,2,4,3,1,1
FL1635,2025-01-10,0,5,55,193,120,0,2,1,4,4,1,1
FL1636,2025-04-28,2,5,77,107,62,3,2,2,4,0,4,1
FL1637,2025-03-10,3,4,117,45,105,1,1,2,4,0,3,1
FL1638,2025-04-10,3,0,96,82,53,0,0,2,1,3,4,1
FL1639,2025-02-03,2,5,10,81,41,2,1,0,0,0,2,1
FL1640,2025-02-21,0,5,60,33,20,1,3,2,3,4,2,1
FL1641,2025-04-05,3,0,34,194,78,1,1,0,2,5,4,1
FL1642,2025-01-10,3,1,11,67,80,4,3,2,5,4,1,1
FL1643,2025-01-19,3,5,113,127,21,0,2,0,2,6,1,1
FL1644,2025-02-27,4,4,28,194,37,4,3,0,2,3,2,1
FL1645,2025-04-06,4,2,100,138,98,0,3,0,5,6,4,1
FL1646,2025-01-01,5,2,118,186,108,3,0,1,1,2,1,1
FL1647,2025-04-30,1,3,10,25,79,4,3,2,0,2,4,1
FL1648,2025-03-10,2,3,96,54,7,4,3,1,5,0,3,1
FL1649,2025-04-19,2,2,54,232,61,2,1,2,0,5,4,1
FL1650,2025-01-04,2,2,60,21,46,4,2,2,1,5,1,1
FL1651,2025-01-16,5,4,60,151,16,0,1,1,2,3,1,1
FL1652,2025-01-24,4,0,84,19,16,2,1,0,0,4,1,1
FL1653,2025-03-21,0,3,7,59,117,4,2,2,1,4,3,1
FL1654,2025-04-29,0,0,50,61,89,4,2,0,1,1,4,1
FL1655,2025-01-02,5,4,105,120,12,3,3,1,3,3,1,1
FL1656,2025-04-23,0,2,25,50,16,4,3,0,5,2,4,1
FL1657,2025-04-02,2,5,118,86,37,1,0,2,3,2,4,1
FL1658,2025-02-01,1,0,28,151,80,2,1,2,2,5,2,1
FL1659,2025-04-01,3,2,33,235,111,1,2,2,5,1,4,1
FL1660,2025-03-25,4,2,61,53,77,2,3,1,2,1,3,1
FL1661,2025-01-24,4,1,2,44,44,3,2,2,3,4,1,1
FL1662,2025-01-12,5,0,81,30,5,4,3,1,1,6,1,1
FL1663,2025-02-19,4,5,72,53,34,4,0,0,2,2,2,1
FL1664,2025-02-04,2,0,114,94,109,4,0,2,5,1,2,1
FL1665,2025-02-02,0,2,120,131,13,2,2,2,5,6,2,1
FL1666,2025-02-02,2,5,49,34,110,4,0,2,2,6,2,1
FL1667,2025-03-02,5,4,21,108,71,1,2,0,5,6,3,1
FL1668,2025-02-20,2,1,112,232,60,4,3,2,1,3,2,1
FL1669,2025-02-12,0,2,87,175,14,3,1,1,1,2,2,1
FL1670,2025-04-11,1,3,97,104,53,1,0,0,5,4,4,1
FL1671,2025-01-12,5,3,47,56,26,4,3,0,2,6,1,1
FL1672,2025-03-08,1,1,33,37,12,4,1,0,3,5,3,1
FL1673,2025-03-06,3,4,59,78,112,0,1,0,5,3,3,1
FL1674,2025-02-02,1,2,11,95,30,2,1,0,5,6,2,1
FL1675,2025-02-09,3,0,99,111,116,1,3,1,5,6,2,1
FL1676,2025-03-15,3,1,24,211,119,0,3,0,5,5,3,1
FL1677,2025-02-12,1,4,47,59,34,3,2,2,2,2,2,1
FL1678,2025-02-13,5,0,7,135,59,2,1,0,3,3,2,1
FL1679,2025-01-29,0,3,15,4,5,1,1,0,3,2,1,0
FL1680,2025-01-13,2,3,13,107,68,4,1,0,0,0,1,1
FL1681,2025-01-12,2,0,47,33,85,1,2,0,5,6,1,1
FL1682,2025-04-05,0,1,13,37,57,4,1,0,5,5,4,1
FL1683,2025-02-15,3,3,51,148,48,2,3,1,0,5,2,1
FL1684,2025-01-02,3,2,19,167,22,4,1,1,3,3,1,1
FL1685,2025-04-25,5,5,80,116,88,3,0,0,4,4,4,1
FL1686,2025-04-24,4,0,25,3,33,4,3,1,1,3,4,0
FL1687,2025-02-04,1,0,75,168,25,3,2,2,4,1,2,1
FL1688,2025-03-28,3,3,49,85,46,2,1,0,3,4,3,1
FL1689,2025-03-22,2,1,17,207,4,2,0,2,5,5,3,1
FL1690,2025-03-31,5,2,26,74,89,1,2,2,4,0,3,1
FL1691,2025-01-08,1,1,56,213,19,3,2,0,2,2,1,1
FL1692,2025-04-03,5,4,68,206,5,3,3,2,2,3,4,1
FL1693,2025-01-26,1,4,4,193,69,0,2,2,0,6,1,1
FL1694,2025-03-15,1,5,94,156,58,0,2,2,3,5,3,1
FL1695,2025-03-31,0,3,66,55,63,0,2,0,3,0,3,1
FL1696,2025-02-03,3,3,48,125,113,4,2,0,4,0,2,1
FL1697,2025-04-25,5,3,46,212,17,0,1,2,5,4,4,1
FL1698,2025-04-15,5,5,14,199,3,3,1,0,3,1,4,1
FL1699,2025-01-07,0,4,26,27,16,4,1,0,4,1,1,1
FL1700,2025-03-09,2,1,108,237,120,2,1,2,4,6,3,1
FL1701,2025-02-27,2,5,8,163,13,1,0,0,1,3,2,1
FL1702,2025-04-27,3,5,44,85,77,0,1,1,1,6,4,1
FL1703,2025-04-24,3,1,22,139,12,2,2,0,3,3,4,1
FL1704,2025-04-19,4,3,104,158,6,3,1,1,4,5,4,1
FL1705,2025-03-16,0,2,110,44,43,1,1,2,0,6,3,1
FL1706,2025-01-29,2,1,47,114,118,2,3,0,0,2,1,1
FL1707,2025-04-30,1,4,18,237,14,1,2,2,1,2,4,1
FL1708,2025-02-05,5,0,73,110,18,0,1,2,3,2,2,1
FL1709,2025-03-30,3,0,16,149,62,3,1,2,5,6,3,1
FL1710,2025-01-21,5,5,24,43,106,1,1,2,0,1,1,1
FL1711,2025-02-05,5,0,57,143,110,2,0,2,0,2,2,1
FL1712,2025-01-10,4,2,-2,102,107,0,1,0,1,4,1,1
FL1713,2025-04-11,2,3,71,83,34,0,3,1,1,4,4,1
FL1714,2025-03-14,3,4,53,192,80,2,2,0,3,4,3,1
FL1715,2025-01-24,5,2,81,227,34,2,2,0,1,4,1,1
FL1716,2025-03-05,3,4,2,132,18,1,1,0,2,2,3,1
FL1717,2025-04-09,1,4,76,106,19,4,1,0,4,2,4,1
FL1718,2025-02-18,4,3,6,16,99,0,1,1,0,1,2,1
FL1719,2025-04-09,1,5,113,92,34,1,2,0,2,2,4,1
FL1720,2025-04-22,3,0,25,148,31,2,2,2,5,1,4,1
FL1721,2025-02-05,3,3,72,31,47,1,0,0,2,2,2,1
FL1722,2025-03-23,2,2,28,156,43,2,3,0,3,6,3,1
FL1723,2025-04-23,5,5,76,207,103,3,0,1,5,2,4,1
FL1724,2025-04-13,5,2,114,124,23,2,3,1,5,6,4,1
FL1725,2025-04-06,1,5,92,233,60,2,0,2,1,6,4,1
FL1726,2025-01-24,4,2,69,158,16,2,2,0,2,4,1,1
FL1727,2025-01-23,0,3,99,168,70,4,0,0,3,3,1,1
FL1728,2025-03-03,5,5,70,204,106,2,3,0,0,0,3,1
FL1729,2025-04-06,2,5,43,120,49,0,1,2,1,6,4,1
FL1730,2025-02-06,1,4,73,136,64,0,3,1,2,3,2,1
FL1731,2025-01-12,1,4,51,237,98,1,1,2,0,6,1,1
FL1732,2025-04-23,0,1,89,113,31,4,2,0,2,2,4,1
FL1733,2025-02-24,2,2,107,162,35,1,3,1,1,0,2,1
FL1734,2025-01-13,4,4,116,160,12,0,0,1,0,0,1,1
FL1735,2025-01-23,2,1,87,199,69,0,3,2,1,3,1,1
FL1736,2025-03-30,4,4,20,232,57,3,1,1,2,6,3,1
FL1737,2025-04-09,2,2,12,26,13,2,2,1,5,2,4,1
FL1738,2025-04-15,2,5,90,9,36,0,0,0,4,1,4,0
FL1739,2025-01-30,3,0,80,204,111,1,3,0,5,3,1,1
FL1740,2025-01-17,1,2,32,165,78,1,1,1,1,4,1,1
FL1741,2025-04-23,2,3,75,45,110,2,0,1,1,2,4,1
FL1742,2025-03-03,0,4,81,125,67,2,2,2,1,0,3,1
FL1743,2025-03-25,2,4,82,145,39,3,0,2,0,1,3,1
FL1744,2025-04-22,5,5,44,116,58,4,2,1,3,1,4,1
FL1745,2025-03-30,1,3,2,141,79,1,0,0,1,6,3,1
FL1746,2025-03-27,5,5,35,124,91,2,3,1,5,3,3,1
FL1747,2025-01-13,1,3,0,154,15,1,1,1,4,0,1,1
FL1748,2025-02-28,5,0,63,150,61,2,3,0,1,4,2,1
FL1749,2025-01-19,2,4,38,70,3,0,3,0,1,6,1,1
FL1750,2025-02-18,2,4,115,105,44,1,2,2,1,1,2,1
FL1751,2025-04-10,3,0,58,135,89,0,2,2,0,3,4,1
FL1752,2025-01-12,0,1,23,173,27,1,2,2,1,6,1,1
FL1753,2025-03-02,5,5,22,31,95,4,3,2,5,6,3,1
FL1754,2025-04-15,4,0,5,188,108,3,0,0,2,1,4,1
FL1755,2025-01-19,3,5,115,223,65,0,0,1,3,6,1,1
FL1756,2025-03-17,5,2,59,17,30,2,3,2,1,0,3,1
FL1757,2025-01-09,5,4,101,193,2,4,3,2,0,3,1,1
FL1758,2025-03-12,3,5,13,72,117,1,1,0,5,2,3,1
FL1759,2025-01-28,2,3,3,166,7,0,2,0,1,1,1,1
FL1760,2025-03-19,5,5,21,173,23,1,2,1,0,2,3,1
FL1761,2025-04-05,2,2,28,232,14,1,3,1,2,5,4,1
FL1762,2025-02-21,3,4,38,191,42,1,3,0,4,4,2,1
FL1763,2025-03-24,2,0,62,155,30,3,0,2,1,0,3,1
FL1764,2025-04-21,1,2,94,176,72,3,3,2,5,0,4,1
FL1765,2025-01-16,4,4,76,96,102,2,0,2,0,3,1,1
FL1766,2025-04-27,5,5,9,139,44,0,3,1,0,6,4,1
FL1767,2025-03-10,0,1,45,127,65,4,1,2,1,0,3,1
FL1768,2025-04-09,4,1,7,160,7,4,1,2,0,2,4,1
FL1769,2025-01-12,2,3,77,91,70,4,0,0,4,6,1,1
FL1770,2025-01-25,5,4,43,174,119,1,2,2,0,5,1,1
FL1771,2025-02-21,2,1,64,237,107,3,1,0,3,4,2,1
FL1772,2025-03-26,1,0,106,203,114,0,0,2,3,2,3,1
FL1773,2025-04-10,3,4,50,46,102,1,3,1,0,3,4,1
FL1774,2025-02-22,5,0,70,175,105,3,3,2,1,5,2,1
FL1775,2025-01-23,1,0,45,62,56,3,0,2,3,3,1,1
FL1776,2025-01-16,1,1,31,59,79,0,2,0,5,3,1,1
FL1777,2025-02-26,5,4,11,155,98,0,0,0,3,2,2,1
FL1778,2025-02-08,2,5,52,37,29,0,0,0,0,5,2,1
FL1779,2025-04-19,0,2,81,126,73,1,1,2,1,5,4,1
FL1780,2025-02-22,1,1,84,86,101,2,0,2,2,5,2,1
FL1781,2025-02-11,4,1,23,24,17,0,0,1,1,1,2,1
FL1782,2025-02-27,1,5,27,15,113,2,3,2,1,3,2,0
FL1783,2025-02-08,0,4,54,69,68,1,1,1,1,5,2,1
FL1784,2025-01-14,2,4,85,11,116,2,3,0,5,1,1,0
FL1785,2025-04-05,2,0,83,67,92,4,3,0,4,5,4,1
FL1786,2025-01-05,4,5,114,24,38,2,2,0,0,6,1,1
FL1787,2025-02-04,1,5,49,47,59,0,2,1,4,1,2,1
FL1788,2025-03-28,2,4,4,193,97,1,1,2,2,4,3,1
FL1789,2025-04-03,0,0,41,5,42,0,1,0,4,3,4,0
FL1790,2025-04-17,5,1,17,56,44,4,2,2,0,3,4,1
FL1791,2025-03-16,3,3,79,47,22,0,2,2,0,6,3,1
FL1792,2025-01-18,3,2,15,101,68,0,2,0,2,5,1,1
FL1793,2025-04-21,3,1,101,51,93,0,2,1,0,0,4,1
FL1794,2025-03-17,1,4,7,191,5,3,2,2,2,0,3,1
FL1795,2025-01-09,4,2,95,239,55,4,3,0,2,3,1,1
FL1796,2025-03-15,2,3,27,60,109,0,1,2,0,5,3,1
FL1797,2025-02-27,5,3,18,15,107,0,3,2,3,3,2,0
FL1798,2025-04-18,0,0,102,169,3,0,3,2,2,4,4,1
FL1799,2025-01-17,5,2,5,23,92,1,0,2,0,4,1,1
FL1800,2025-04-12,0,0,11,129,22,3,3,2,3,5,4,1
FL1801,2025-01-07,1,1,62,205,5,1,2,1,2,1,1,1
FL1802,2025-02-15,3,5,41,27,31,3,2,1,3,5,2,1
FL1803,2025-01-13,1,5,19,115,105,0,0,0,5,0,1,1
FL1804,2025-02-09,4,5,88,233,17,4,0,1,1,6,2,1
FL1805,2025-02-11,4,2,67,158,14,2,0,1,5,1,2,1
FL1806,2025-01-09,0,5,15,24,39,2,0,1,3,3,1,1
FL1807,2025-02-19,2,1,78,122,95,0,0,2,2,2,2,1
FL1808,2025-01-27,2,0,77,142,72,1,3,2,0,0,1,1
FL1809,2025-03-07,0,2,77,23,100,4,0,0,4,4,3,1
FL1810,2025-01-05,4,0,6,52,73,3,3,0,0,6,1,1
FL1811,2025-01-29,4,2,31,154,83,0,1,0,4,2,1,1
FL1812,2025-02-06,4,0,36,71,5,4,0,2,4,3,2,1
FL1813,2025-02-07,1,3,11,118,111,4,0,1,2,4,2,1
FL1814,2025-03-24,4,0,95,54,119,3,3,1,3,0,3,1
FL1815,2025-01-08,5,5,112,63,62,4,1,2,0,2,1,1
FL1816,2025-04-22,3,3,42,91,66,1,3,0,3,1,4,1
FL1817,2025-04-19,4,0,97,84,105,1,3,0,5,5,4,1
FL1818,2025-03-06,0,2,22,78,10,1,0,0,2,3,3,1
FL1819,2025-03-27,3,2,35,167,42,4,2,2,2,3,3,1
FL1820,2025-04-26,1,2,93,106,16,1,2,0,5,5,4,1
FL1821,2025-01-17,0,4,41,177,95,3,3,0,0,4,1,1
FL1822,2025-03-12,3,1,106,116,3,4,0,2,1,2,3,1
FL1823,2025-03-30,0,2,12,231,62,2,1,1,5,6,3,1
FL1824,2025-02-14,1,3,72,197,67,4,2,2,0,4,2,1
FL1825,2025-01-04,5,2,93,204,80,3,1,2,4,5,1,1
FL1826,2025-02-05,1,4,102,155,40,2,2,2,2,2,2,1
FL1827,2025-03-11,1,5,99,81,82,4,0,2,0,1,3,1
FL1828,2025-01-31,0,3,118,145,4,1,3,1,3,4,1,1
FL1829,2025-01-19,2,4,65,192,31,0,1,0,3,6,1,1
FL1830,2025-03-02,4,5,99,167,85,0,1,2,2,6,3,1
FL1831,2025-04-18,4,3,7,171,119,1,3,1,5,4,4,1
FL1832,2025-02-23,5,0,76,13,69,0,1,0,1,6,2,0
FL1833,2025-02-08,5,1,95,129,34,0,2,0,5,5,2,1
FL1834,2025-04-01,4,1,7,137,21,1,3,0,0,1,4,1
FL1835,2025-03-15,2,4,94,179,64,1,2,2,5,5,3,1
FL1836,2025-03-31,4,5,25,172,83,4,2,2,2,0,3,1
FL1837,2025-01-19,2,1,-4,28,21,4,0,0,0,6,1,1
FL1838,2025-02-08,5,5,10,55,111,1,2,0,4,5,2,1
FL1839,2025-03-08,3,5,3,230,118,3,0,0,5,5,3,1
FL1840,2025-02-14,0,4,67,144,10,0,1,0,5,4,2,1
FL1841,2025-01-13,5,4,32,177,76,4,1,0,1,0,1,1
FL1842,2025-04-24,5,4,69,126,105,0,0,0,0,3,4,1
FL1843,2025-04-02,1,1,48,46,2,2,2,1,3,2,4,1
FL1844,2025-02-27,1,4,50,192,8,1,3,0,5,3,2,1
FL1845,2025-01-20,1,1,80,222,59,3,3,2,2,0,1,1
FL1846,2025-04-02,0,4,91,134,75,2,0,2,5,2,4,1
FL1847,2025-03-13,1,2,94,20,86,2,1,2,1,3,3,1
FL1848,2025-03-02,2,5,103,4,13,2,1,0,4,6,3,0
FL1849,2025-04-15,4,4,81,202,96,1,3,2,1,1,4,1
FL1850,2025-02-08,3,3,39,237,17,4,0,1,5,5,2,1
FL1851,2025-01-01,5,5,103,183,112,1,3,0,3,2,1,1
FL1852,2025-01-03,2,5,28,102,104,4,2,2,5,4,1,1
FL1853,2025-03-18,3,4,3,34,72,2,2,1,0,1,3,1
FL1854,2025-04-02,2,0,82,77,22,2,0,1,5,2,4,1
FL1855,2025-03-03,2,4,2,218,73,3,0,2,3,0,3,1
FL1856,2025-03-04,5,5,1,114,82,4,2,1,0,1,3,1
FL1857,2025-04-23,4,3,30,55,46,2,1,2,2,2,4,1
FL1858,2025-01-25,1,5,12,47,68,0,0,1,0,5,1,1
FL1859,2025-02-25,0,3,-3,171,46,3,2,0,1,1,2,1
FL1860,2025-02-02,4,1,22,80,115,1,2,0,4,6,2,1
FL1861,2025-02-07,0,2,64,64,86,3,1,0,1,4,2,1
FL1862,2025-04-27,5,5,102,75,29,0,1,0,0,6,4,1
FL1863,2025-01-06,5,4,38,43,24,4,1,0,2,0,1,1
FL1864,2025-02-27,5,1,15,77,27,1,1,2,5,3,2,1
FL1865,2025-02-13,3,2,22,18,97,1,3,0,0,3,2,1
FL1866,2025-02-14,0,4,98,190,108,4,1,0,1,4,2,1
FL1867,2025-02-01,4,0,48,219,119,3,3,0,0,5,2,1
FL1868,2025-02-14,4,4,48,121,111,2,0,0,0,4,2,1
FL1869,2025-03-02,2,3,59,232,110,3,2,1,0,6,3,1
FL1870,2025-02-16,2,3,94,219,24,0,3,0,2,6,2,1
FL1871,2025-01-21,2,0,15,65,73,2,0,0,3,1,1,1
FL1872,2025-03-21,5,1,118,81,77,3,0,2,3,4,3,1
FL1873,2025-04-28,4,2,101,1,105,4,3,1,0,0,4,0
FL1874,2025-03-26,0,4,93,180,120,0,0,2,2,2,3,1
FL1875,2025-03-16,5,3,7,204,109,0,0,0,2,6,3,1
FL1876,2025-04-11,3,1,51,62,57,0,3,2,0,4,4,1
FL1877,2025-02-05,2,0,43,38,93,2,0,2,1,2,2,1
FL1878,2025-04-09,5,5,112,57,118,1,1,0,1,2,4,1
FL1879,2025-01-19,5,3,48,181,40,2,1,1,4,6,1,1
FL1880,2025-01-20,3,0,4,60,24,3,2,1,0,0,1,1
FL1881,2025-02-26,1,4,47,130,77,1,0,2,4,2,2,1
FL1882,2025-01-18,4,2,38,58,98,3,2,0,1,5,1,1
FL1883,2025-02-16,0,3,41,114,115,1,1,2,1,6,2,1
FL1884,2025-04-15,1,3,47,73,47,2,1,2,0,1,4,1
FL1885,2025-02-18,2,4,68,120,97,0,1,2,4,1,2,1
FL1886,2025-01-14,5,5,40,221,9,4,0,0,4,1,1,1
FL1887,2025-01-15,3,1,7,105,98,0,0,0,0,2,1,1
FL1888,2025-01-31,3,2,31,94,74,2,1,1,4,4,1,1
FL1889,2025-01-01,4,3,96,89,10,1,2,0,5,2,1,1
FL1890,2025-04-27,1,2,18,156,84,0,2,2,1,6,4,1
FL1891,2025-02-23,4,3,-4,233,20,2,3,2,3,6,2,1
FL1892,2025-04-28,5,2,80,128,85,3,1,1,2,0,4,1
FL1893,2025-01-03,4,0,75,60,44,4,2,0,4,4,1,1
FL1894,2025-01-16,0,3,94,47,6,0,1,2,4,3,1,1
FL1895,2025-03-28,3,2,8,135,118,1,2,1,2,4,3,1
FL1896,2025-02-26,3,1,4,90,80,3,3,1,4,2,2,1
FL1897,2025-03-16,2,0,29,157,63,2,3,2,2,6,3,1
FL1898,2025-01-12,2,0,19,122,63,4,1,2,0,6,1,1
FL1899,2025-03-15,5,1,-3,224,1,1,2,0,5,5,3,1
FL1900,2025-04-06,0,2,105,59,75,2,0,1,5,6,4,1
FL1901,2025-01-16,1,4,96,205,120,2,3,2,1,3,1,1
FL1902,2025-03-13,4,1,11,46,41,0,1,1,3,3,3,1
FL1903,2025-04-12,5,2,6,151,81,0,1,0,4,5,4,1
FL1904,2025-03-17,2,1,48,162,53,1,2,2,3,0,3,1
FL1905,2025-01-24,4,1,110,134,74,2,1,0,0,4,1,1
FL1906,2025-01-28,2,3,18,199,15,0,3,1,5,1,1,1
FL1907,2025-04-27,4,2,23,56,112,4,1,0,0,6,4,1
FL1908,2025-01-08,1,4,37,99,114,4,1,0,0,2,1,1
FL1909,2025-04-02,5,3,19,110,17,2,0,1,4,2,4,1
FL1910,2025-02-05,4,1,94,171,98,0,0,0,0,2,2,1
FL1911,2025-03-31,0,5,116,60,116,1,3,1,5,0,3,1
FL1912,2025-01-08,3,1,54,37,58,1,2,2,3,2,1,1
FL1913,2025-02-27,0,1,84,222,89,1,0,1,5,3,2,1
FL1914,2025-03-01,0,2,96,56,15,4,2,1,4,5,3,1
FL1915,2025-02-19,3,2,59,207,5,0,3,2,5,2,2,1
FL1916,2025-01-28,0,3,78,97,56,0,0,1,2,1,1,1
FL1917,2025-04-02,4,4,113,227,107,4,2,2,3,2,4,1
FL1918,2025-04-11,4,3,22,209,106,1,0,2,2,4,4,1
FL1919,2025-02-10,4,0,10,190,46,1,3,1,2,0,2,1
FL1920,2025-04-10,3,1,41,42,110,2,3,0,1,3,4,1
FL1921,2025-03-05,0,5,75,27,47,3,0,0,4,2,3,1
FL1922,2025-01-27,3,1,98,57,41,0,2,2,0,0,1,1
FL1923,2025-04-28,4,1,86,69,75,0,1,0,2,0,4,1
FL1924,2025-03-04,0,3,52,90,59,0,1,0,5,1,3,1
FL1925,2025-01-17,0,5,70,7,76,3,0,1,0,4,1,0
FL1926,2025-03-14,2,5,21,125,3,2,2,2,5,4,3,1
FL1927,2025-02-02,2,5,112,218,102,3,1,2,5,6,2,1
FL1928,2025-04-27,1,3,47,132,117,1,3,1,0,6,4,1
FL1929,2025-03-25,5,1,36,155,1,1,2,0,0,1,3,1
FL1930,2025-03-18,2,3,53,184,89,0,1,2,5,1,3,1
FL1931,2025-04-02,3,2,41,143,58,4,2,0,4,2,4,1
FL1932,2025-04-22,2,2,88,142,26,0,0,2,3,1,4,1
FL1933,2025-01-29,1,3,99,213,26,4,2,2,1,2,1,1
FL1934,2025-01-13,0,5,28,221,78,3,1,2,3,0,1,1
FL1935,2025-02-15,1,1,31,129,71,1,0,2,4,5,2,1
FL1936,2025-02-04,0,3,0,19,6,4,2,0,1,1,2,1
FL1937,2025-01-06,0,3,1,62,62,3,3,0,0,0,1,1
FL1938,2025-03-23,5,3,90,88,110,1,1,0,1,6,3,1
FL1939,2025-04-25,2,0,90,34,118,4,0,0,5,4,4,1
FL1940,2025-03-10,3,2,111,232,45,0,2,1,3,0,3,1
FL1941,2025-02-16,3,5,19,227,62,0,3,2,1,6,2,1
FL1942,2025-01-25,4,4,27,212,103,0,1,2,5,5,1,1
FL1943,2025-03-07,0,5,49,60,11,3,3,2,4,4,3,1
FL1944,2025-01-10,3,4,52,168,12,0,2,1,1,4,1,1
FL1945,2025-02-25,5,0,1,74,42,2,2,0,5,1,2,1
FL1946,2025-01-30,0,3,110,168,16,1,0,2,4,3,1,1
FL1947,2025-04-24,5,0,51,187,62,3,3,0,0,3,4,1
FL1948,2025-04-19,3,0,120,11,80,0,0,0,4,5,4,0
FL1949,2025-01-05,3,1,6,9,119,1,1,1,4,6,1,0
FL1950,2025-04-29,4,2,10,52,35,4,0,1,3,1,4,1
FL1951,2025-04-30,3,4,74,14,84,0,1,0,5,2,4,0
FL1952,2025-02-02,0,3,37,6,7,1,2,2,1,6,2,0
FL1953,2025-04-28,0,4,111,102,68,2,2,2,3,0,4,1
FL1954,2025-03-06,0,5,94,57,89,4,3,1,2,3,3,1
FL1955,2025-01-18,4,4,71,55,79,2,1,1,4,5,1,1
FL1956,2025-04-06,4,5,1,38,35,1,2,1,2,6,4,1
FL1957,2025-04-21,3,2,94,235,27,2,3,1,3,0,4,1
FL1958,2025-02-18,1,5,105,185,117,1,3,1,5,1,2,1
FL1959,2025-01-11,1,4,45,128,92,1,0,1,3,5,1,1
FL1960,2025-03-26,4,4,67,92,46,2,3,1,5,2,3,1
FL1961,2025-01-26,3,5,26,220,75,1,2,2,5,6,1,1
FL1962,2025-03-04,1,0,69,202,100,0,0,1,0,1,3,1
FL1963,2025-03-30,3,2,2,136,29,1,1,1,4,6,3,1
FL1964,2025-03-27,3,1,91,42,22,3,1,2,3,3,3,1
FL1965,2025-02-28,3,3,81,137,15,1,2,2,5,4,2,1
FL1966,2025-01-27,2,4,83,205,13,3,2,0,3,0,1,1
FL1967,2025-02-18,0,3,114,78,73,1,0,1,3,1,2,1
FL1968,2025-03-18,3,1,66,79,70,1,0,1,5,1,3,1
FL1969,2025-02-02,2,3,39,216,108,2,2,1,1,6,2,1
FL1970,2025-04-08,4,1,80,0,51,0,2,1,2,1,4,0
FL1971,2025-04-15,1,5,53,176,36,0,1,0,4,1,4,1
FL1972,2025-04-09,0,0,-2,138,28,4,1,2,4,2,4,1
FL1973,2025-01-01,1,4,98,113,66,2,1,2,1,2,1,1
FL1974,2025-01-21,0,1,61,88,14,2,2,1,0,1,1,1
FL1975,2025-04-22,1,3,23,21,99,0,3,1,1,1,4,1
FL1976,2025-02-24,0,4,99,144,46,2,2,1,0,0,2,1
FL1977,2025-01-06,1,0,23,60,45,0,2,0,0,0,1,1
FL1978,2025-04-02,1,5,92,222,51,2,1,0,1,2,4,1
FL1979,2025-03-22,1,4,92,111,18,1,2,2,4,5,3,1
FL1980,2025-03-10,1,1,22,126,76,0,0,1,2,0,3,1
FL1981,2025-04-05,4,0,71,60,105,0,2,1,4,5,4,1
FL1982,2025-01-05,3,3,73,36,20,3,2,1,4,6,1,1
FL1983,2025-04-12,5,0,118,237,63,2,2,1,4,5,4,1
FL1984,2025-01-03,2,0,81,193,36,2,2,0,1,4,1,1
FL1985,2025-02-22,5,2,38,164,26,0,3,2,1,5,2,1
FL1986,2025-01-23,5,0,84,193,54,1,2,2,1,3,1,1
FL1987,2025-04-11,0,0,-2,220,115,1,0,0,4,4,4,1
FL1988,2025-02-22,3,4,84,59,28,1,0,1,2,5,2,1
FL1989,2025-02-06,0,3,98,127,19,2,2,2,0,3,2,1
FL1990,2025-03-15,3,4,3,220,24,3,1,2,3,5,3,1
FL1991,2025-03-15,3,4,113,171,69,0,3,0,0,5,3,1
FL1992,2025-03-24,1,1,-1,222,62,4,2,1,0,0,3,1
FL1993,2025-01-17,4,4,50,154,35,3,2,2,3,4,1,1
FL1994,2025-03-26,1,2,90,147,1,4,2,1,4,2,3,1
FL1995,2025-03-19,4,2,78,120,21,3,1,2,2,2,3,1
FL1996,2025-03-14,0,1,44,108,95,1,1,0,2,4,3,1
FL1997,2025-04-20,4,5,69,11,15,2,1,1,0,6,4,0
FL1998,2025-01-01,0,3,9,153,17,4,3,0,3,2,1,1
FL1999,2025-02-20,5,3,26,98,68,3,0,2,5,3,2,1
FL2000,2025-02-14,5,4,22,133,53,2,3,0,4,4,2,1
FL2001,2025-03-18,4,4,16,20,99,4,1,0,0,1,3,1
FL2002,2025-01-04,4,5,99,72,29,0,0,0,2,5,1,1
FL2003,2025-03-03,0,4,11,229,44,3,0,2,1,0,3,1
FL2004,2025-03-06,1,3,53,179,18,0,1,1,1,3,3,1
FL2005,2025-04-23,0,0,84,205,86,1,1,0,3,2,4,1
FL2006,2025-04-14,1,2,102,205,33,0,3,1,3,0,4,1
FL2007,2025-02-01,5,0,65,130,12,0,1,2,0,5,2,1
FL2008,2025-02-03,3,0,100,222,42,3,0,1,5,0,2,1
FL2009,2025-04-02,4,3,51,21,61,1,2,0,2,2,4,1
FL2010,2025-04-05,1,0,20,117,117,0,1,0,0,5,4,1
FL2011,2025-03-13,0,5,19,68,92,2,1,0,5,3,3,1
FL2012,2025-02-08,5,1,4,214,99,4,3,0,3,5,2,1
FL2013,2025-01-26,1,4,117,82,21,0,3,0,1,6,1,1
FL2014,2025-02-03,0,1,39,99,51,1,1,0,4,0,2,1
FL2015,2025-02-23,4,2,77,82,51,0,0,2,1,6,2,1
FL2016,2025-04-28,4,4,5,202,110,4,0,2,2,0,4,1
FL2017,2025-01-03,2,0,71,159,35,1,2,2,2,4,1,1
FL2018,2025-02-19,3,2,47,26,72,3,1,1,1,2,2,1
FL2019,2025-01-12,2,4,66,134,102,1,3,1,1,6,1,1
FL2020,2025-03-06,5,5,98,-1,114,3,0,2,5,3,3,0
FL2021,2025-02-23,1,5,62,163,18,1,2,1,0,6,2,1
FL2022,2025-04-18,5,5,105,61,37,4,1,1,3,4,4,1
FL2023,2025-01-05,0,5,89,20,69,4,0,0,5,6,1,1
FL2024,2025-04-04,4,0,22,68,115,1,1,0,4,4,4,1
FL2025,2025-04-04,2,1,69,123,110,0,1,1,1,4,4,1
FL2026,2025-02-26,2,4,101,147,78,4,0,1,4,2,2,1
FL2027,2025-01-17,2,0,59,94,56,3,0,2,4,4,1,1
FL2028,2025-04-22,5,5,43,161,19,3,0,1,5,1,4,1
FL2029,2025-02-16,4,1,41,77,8,2,1,0,3,6,2,1
FL2030,2025-01-23,1,2,46,3,31,3,1,1,2,3,1,0
FL2031,2025-03-20,0,2,96,58,3,2,2,2,0,3,3,1
FL2032,2025-04-11,1,2,82,118,49,1,3,0,2,4,4,1
FL2033,2025-03-26,5,5,48,44,81,1,1,0,3,2,3,1
FL2034,2025-01-14,0,2,54,176,4,1,3,0,2,1,1,1
FL2035,2025-03-07,2,3,51,174,19,0,0,0,1,4,3,1
FL2036,2025-03-16,3,4,41,132,86,0,1,1,1,6,3,1
FL2037,2025-02-20,5,4,25,215,74,2,2,2,5,3,2,1
FL2038,2025-04-13,5,5,99,54,36,3,2,1,4,6,4,1
FL2039,2025-02-07,4,3,40,108,21,3,3,1,3,4,2,1
FL2040,2025-03-05,1,0,108,185,57,1,0,0,3,2,3,1
FL2041,2025-04-08,5,0,20,230,67,4,3,2,2,1,4,1
FL2042,2025-02-07,5,2,107,155,92,0,0,0,5,4,2,1
FL2043,2025-02-19,2,1,108,197,43,0,2,1,2,2,2,1
FL2044,2025-04-08,2,0,-1,102,33,1,3,1,2,1,4,1
FL2045,2025-03-23,0,1,78,75,76,0,2,0,3,6,3,1
FL2046,2025-01-30,3,4,46,228,41,1,2,1,2,3,1,1
FL2047,2025-03-20,4,1,99,144,8,2,0,1,4,3,3,1
FL2048,2025-04-01,3,4,69,0,105,3,3,0,2,1,4,0
FL2049,2025-02-20,0,3,114,6,94,4,3,1,4,3,2,0
FL2050,2025-03-04,2,3,48,73,6,3,2,2,3,1,3,1
FL2051,2025-04-08,1,5,27,223,67,3,2,0,5,1,4,1
FL2052,2025-02-21,2,5,44,180,18,2,0,2,1,4,2,1
FL2053,2025-02-07,4,2,32,123,105,0,1,1,4,4,2,1
FL2054,2025-04-07,2,0,21,36,93,4,1,1,5,0,4,1
FL2055,2025-03-29,4,2,92,174,30,0,2,0,5,5,3,1
FL2056,2025-03-20,4,4,9,25,34,3,1,1,4,3,3,1
FL2057,2025-01-30,4,2,90,18,56,1,1,0,3,3,1,1
FL2058,2025-04-29,0,1,55,138,84,3,1,0,0,1,4,1
FL2059,2025-04-16,4,4,116,41,60,0,1,0,5,2,4,1
FL2060,2025-02-20,4,5,15,187,30,3,2,0,5,3,2,1
FL2061,2025-03-22,1,3,40,29,82,1,1,0,3,5,3,1
FL2062,2025-01-05,3,5,63,89,94,2,1,2,3,6,1,1
FL2063,2025-01-29,5,0,0,222,52,0,0,0,2,2,1,1
FL2064,2025-01-04,3,4,32,59,31,3,2,2,3,5,1,1
FL2065,2025-01-10,4,4,56,200,65,0,3,1,5,4,1,1
FL2066,2025-02-25,1,1,80,193,58,2,3,0,4,1,2,1
FL2067,2025-01-17,2,0,56,107,115,3,0,1,0,4,1,1
FL2068,2025-03-15,1,3,76,89,9,3,0,0,2,5,3,1
FL2069,2025-01-17,4,4,72,161,1,0,2,2,4,4,1,1
FL2070,2025-03-25,1,4,68,93,65,0,3,2,0,1,3,1
FL2071,2025-03-29,1,1,40,141,59,1,1,2,0,5,3,1
FL2072,2025-03-10,4,2,7,142,87,2,0,1,0,0,3,1
FL2073,2025-02-03,0,3,89,11,16,1,3,0,1,0,2,0
FL2074,2025-01-06,1,5,88,111,95,3,2,1,4,0,1,1
FL2075,2025-02-22,5,0,-3,33,15,0,1,2,2,5,2,1
FL2076,2025-03-07,5,4,88,201,15,3,2,1,2,4,3,1
FL2077,2025-03-18,1,4,0,185,45,3,0,2,0,1,3,1
FL2078,2025-04-17,0,5,87,147,38,4,3,2,4,3,4,1
FL2079,2025-02-12,2,3,2,180,116,4,3,2,1,2,2,1
FL2080,2025-04-22,4,2,38,201,30,3,3,0,0,1,4,1
FL2081,2025-03-16,5,4,103,156,106,0,3,0,3,6,3,1
FL2082,2025-04-25,2,3,101,46,87,3,1,2,2,4,4,1
FL2083,2025-04-21,1,5,102,33,0,4,1,1,5,0,4,1
FL2084,2025-01-23,2,1,27,84,10,0,2,1,0,3,1,1
FL2085,2025-02-24,3,2,75,164,118,3,1,0,3,0,2,1
FL2086,2025-03-21,5,0,106,157,84,2,0,2,2,4,3,1
FL2087,2025-04-05,1,4,69,204,3,2,0,1,1,5,4,1
FL2088,2025-03-16,4,3,71,150,70,3,3,2,4,6,3,1
FL2089,2025-04-28,0,1,44,112,25,0,0,1,2,0,4,1
FL2090,2025-01-16,1,0,5,175,110,3,2,0,4,3,1,1
FL2091,2025-01-08,4,3,89,222,49,3,1,2,4,2,1,1
FL2092,2025-01-04,0,3,22,98,11,4,1,2,1,5,1,1
FL2093,2025-04-14,0,0,102,158,94,2,1,1,1,0,4,1
FL2094,2025-01-04,1,1,64,181,80,4,0,1,0,5,1,1
FL2095,2025-02-25,2,5,35,205,96,4,1,1,0,1,2,1
FL2096,2025-01-25,2,1,10,233,74,3,3,2,2,5,1,1
FL2097,2025-03-08,0,2,62,184,91,4,3,0,1,5,3,1
FL2098,2025-04-06,2,4,93,97,95,2,3,0,3,6,4,1
FL2099,2025-03-08,3,0,118,1,64,4,0,1,2,5,3,0
FL2100,2025-01-27,0,5,42,206,46,2,1,0,5,0,1,1
FL2101,2025-04-03,0,0,50,195,91,4,0,1,4,3,4,1
FL2102,2025-02-01,4,0,58,83,52,2,1,0,4,5,2,1
FL2103,2025-02-19,2,1,53,123,105,4,2,2,0,2,2,1
FL2104,2025-03-02,0,4,84,136,70,4,2,1,3,6,3,1
FL2105,2025-02-20,3,2,56,81,1,0,0,0,1,3,2,1
FL2106,2025-01-19,4,3,115,23,105,2,3,2,1,6,1,1
FL2107,2025-01-21,1,3,70,66,23,2,0,0,0,1,1,1
FL2108,2025-01-05,0,0,5,59,3,2,3,2,5,6,1,1
FL2109,2025-03-23,3,4,95,27,107,1,1,2,2,6,3,1
FL2110,2025-04-02,5,5,83,125,18,4,3,0,2,2,4,1
FL2111,2025-02-11,3,1,12,17,25,2,3,0,3,1,2,1
FL2112,2025-03-02,3,4,13,169,74,1,1,2,0,6,3,1
FL2113,2025-01-22,4,4,81,192,39,0,2,2,0,2,1,1
FL2114,2025-01-21,1,1,49,72,49,2,1,2,5,1,1,1
FL2115,2025-03-11,5,0,96,59,42,2,0,1,2,1,3,1
FL2116,2025-01-01,2,4,112,169,74,1,0,2,0,2,1,1
FL2117,2025-01-05,2,3,76,151,108,4,0,1,1,6,1,1
FL2118,2025-04-15,3,1,20,18,66,0,0,2,3,1,4,1
FL2119,2025-01-12,4,5,0,46,11,2,0,1,2,6,1,1
FL2120,2025-03-31,4,2,-2,209,66,4,2,2,5,0,3,1
FL2121,2025-02-15,2,0,102,85,105,0,2,2,3,5,2,1
FL2122,2025-02-03,5,1,109,150,26,3,3,2,4,0,2,1
FL2123,2025-02-18,1,2,23,137,112,3,0,0,1,1,2,1
FL2124,2025-03-19,5,2,53,108,53,0,1,0,5,2,3,1
FL2125,2025-03-31,0,5,119,224,65,1,0,2,3,0,3,1
FL2126,2025-02-14,0,4,92,181,48,0,2,1,0,4,2,1
FL2127,2025-01-27,1,5,11,26,15,0,0,1,4,0,1,1
FL2128,2025-03-14,2,4,101,195,1,1,2,2,5,4,3,1
FL2129,2025-01-26,1,4,37,189,59,1,3,0,0,6,1,1
FL2130,2025-02-16,4,1,111,57,53,4,3,1,1,6,2,1
FL2131,2025-03-27,0,1,74,131,29,4,3,0,4,3,3,1
FL2132,2025-04-21,3,0,60,49,83,1,2,1,2,0,4,1
FL2133,2025-02-25,3,4,28,147,37,3,0,2,0,1,2,1
FL2134,2025-04-04,2,2,113,10,27,3,0,0,3,4,4,0
FL2135,2025-04-17,4,3,2,48,24,0,1,1,5,3,4,1
FL2136,2025-03-04,5,0,7,130,95,2,2,2,4,1,3,1
FL2137,2025-02-17,4,1,100,111,9,0,1,2,0,0,2,1
FL2138,2025-03-02,3,5,2,168,59,0,3,2,2,6,3,1
FL2139,2025-03-22,3,0,88,210,41,2,0,0,5,5,3,1
FL2140,2025-01-26,0,0,90,164,39,1,2,0,5,6,1,1
FL2141,2025-02-05,4,0,94,151,96,3,1,2,0,2,2,1
FL2142,2025-01-01,4,0,105,12,76,0,1,0,2,2,1,0
FL2143,2025-01-08,3,3,88,201,119,2,1,1,1,2,1,1
FL2144,2025-04-23,5,5,59,30,104,4,0,2,1,2,4,1
FL2145,2025-04-09,2,5,37,137,117,0,0,2,4,2,4,1
FL2146,2025-02-21,2,5,33,187,41,3,0,0,0,4,2,1
FL2147,2025-03-20,4,4,75,144,46,1,2,2,4,3,3,1
FL2148,2025-02-16,2,2,53,153,36,0,0,1,1,6,2,1
FL2149,2025-02-25,3,5,78,53,117,0,2,0,5,1,2,1
FL2150,2025-03-27,3,0,82,180,79,2,1,0,4,3,3,1
FL2151,2025-01-14,4,0,108,208,108,4,1,2,2,1,1,1
FL2152,2025-03-31,4,5,80,118,21,4,3,2,3,0,3,1
FL2153,2025-01-28,0,5,87,213,56,1,0,2,1,1,1,1
FL2154,2025-03-28,4,0,80,73,83,3,1,0,1,4,3,1
FL2155,2025-03-19,5,4,38,19,113,1,0,2,2,2,3,1
FL2156,2025-03-29,2,1,3,170,106,0,2,1,4,5,3,1
FL2157,2025-01-02,4,1,31,131,26,0,1,2,0,3,1,1
FL2158,2025-04-19,1,5,68,85,40,4,0,2,5,5,4,1
FL2159,2025-01-26,0,3,30,167,79,3,1,0,3,6,1,1
FL2160,2025-01-14,1,5,95,57,33,2,1,2,0,1,1,1
FL2161,2025-02-28,3,5,86,87,31,3,0,0,0,4,2,1
FL2162,2025-02-25,2,1,22,231,89,0,1,2,2,1,2,1
FL2163,2025-04-25,4,0,36,180,88,2,1,1,4,4,4,1
FL2164,2025-01-07,1,5,37,200,65,3,1,1,1,1,1,1
FL2165,2025-01-03,2,0,79,148,11,3,1,0,1,4,1,1
FL2166,2025-04-21,3,0,82,81,39,2,2,0,2,0,4,1
FL2167,2025-01-23,5,3,36,63,72,0,1,2,4,3,1,1
FL2168,2025-04-20,0,0,118,62,75,3,3,2,2,6,4,1
FL2169,2025-04-17,2,1,98,69,89,2,1,1,1,3,4,1
FL2170,2025-04-21,2,4,60,2,72,0,0,2,0,0,4,0
FL2171,2025-04-19,5,4,49,191,9,2,3,1,5,5,4,1
FL2172,2025-01-18,2,2,66,141,95,2,2,0,4,5,1,1
FL2173,2025-02-07,3,5,42,102,120,3,3,2,3,4,2,1
FL2174,2025-04-09,3,1,85,202,97,0,3,0,3,2,4,1
FL2175,2025-04-25,5,0,16,148,47,3,3,2,0,4,4,1
FL2176,2025-01-15,0,4,95,212,19,1,0,1,2,2,1,1
FL2177,2025-03-05,4,1,21,240,38,1,0,0,2,2,3,1
FL2178,2025-03-30,1,4,115,173,59,0,0,0,1,6,3,1
FL2179,2025-04-29,4,0,87,207,65,2,2,2,0,1,4,1
FL2180,2025-04-11,2,4,61,91,64,3,0,0,1,4,4,1
FL2181,2025-01-28,1,5,102,172,50,3,0,1,1,1,1,1
FL2182,2025-03-15,5,5,7,140,35,0,3,0,3,5,3,1
FL2183,2025-02-08,5,2,39,176,23,0,0,0,1,5,2,1
FL2184,2025-02-26,0,2,4,146,117,1,1,2,1,2,2,1
FL2185,2025-01-17,1,4,94,176,26,4,0,0,3,4,1,1
FL2186,2025-04-13,3,1,3,110,1,0,2,2,2,6,4,1
FL2187,2025-03-27,1,5,48,159,30,4,2,2,4,3,3,1
FL2188,2025-03-31,2,1,114,117,56,0,1,0,5,0,3,1
FL2189,2025-02-13,3,1,113,57,77,2,2,1,1,3,2,1
FL2190,2025-01-25,5,4,21,41,65,2,2,2,4,5,1,1
FL2191,2025-01-17,1,1,28,205,28,1,3,0,3,4,1,1
FL2192,2025-01-13,4,5,109,10,14,1,1,2,4,0,1,0
FL2193,2025-03-25,0,0,-5,38,11,4,3,1,5,1,3,1
FL2194,2025-01-25,4,2,26,116,100,0,3,1,4,5,1,1
FL2195,2025-03-09,0,0,83,18,27,3,0,2,4,6,3,1
FL2196,2025-01-10,2,1,87,220,83,1,1,1,4,4,1,1
FL2197,2025-03-08,4,0,65,164,102,3,0,0,4,5,3,1
FL2198,2025-04-15,1,5,107,129,23,3,0,0,0,1,4,1
FL2199,2025-04-19,1,5,61,154,20,0,3,2,1,5,4,1
